title,published_at,url
2024 USA Ultimate D-III College Championships: Finals Highlights,2024-05-23T00:41:40Z,https://www.youtube.com/watch?v=mMd154uFSYA
2024 USA Ultimate D-III College Championships - Day Three Recap,2024-05-22T01:02:17Z,https://www.youtube.com/watch?v=KEEhedUqJe4
2024 USA Ultimate D-III Championships - Day Two Recap,2024-05-20T03:00:41Z,https://www.youtube.com/watch?v=jQd2AxfIwDY
2024 USA Ultimate D-III College Championships - Day One Recap,2024-05-19T12:45:43Z,https://www.youtube.com/watch?v=JID_LM2eUlY
2023 Coaching Convention: Virtual,2023-12-13T20:25:04Z,https://www.youtube.com/watch?v=0RDXEAj0y5Q
2023 National Championships: Pool Play - Quarters Highlights,2023-11-16T17:06:34Z,https://www.youtube.com/watch?v=a26xGlKX77Q
2023 National Championships: Finals Highlights,2023-11-02T20:57:46Z,https://www.youtube.com/watch?v=6IaGyi_GKb4
2023 National Championships: Semifinals Highlights,2023-11-02T20:48:42Z,https://www.youtube.com/watch?v=NX1kvce5qTU
2023 U.S. Open: ICC Highlights,2023-09-21T15:00:09Z,https://www.youtube.com/watch?v=hNC7SZ_goeM
2023 U.S. Open: YCC Highlights,2023-09-20T16:47:37Z,https://www.youtube.com/watch?v=nuqT1wwzfBI
2023 U.S. Open: ICC Finals Highlights,2023-09-20T15:06:16Z,https://www.youtube.com/watch?v=OJEdM8GRbiY
2023 WFDF World U-24 Ultimate Championships: Team USA Highlights: Pool Play - Semifinals,2023-08-14T01:20:56Z,https://www.youtube.com/watch?v=-MuWpXMBr44
2023 College Championships: Division I Women’s Highlights,2023-07-20T15:33:54Z,https://www.youtube.com/watch?v=M2X4jRx6jHA
2023 WFDF World U-24 Ultimate Championships: Team USA Finals Highlights,2023-07-17T21:00:06Z,https://www.youtube.com/watch?v=aveFflQaBtI
2023 College Championships: Division I Men's Highlights,2023-06-30T15:05:55Z,https://www.youtube.com/watch?v=iwsZcKqaRsY
2023 College Championships: Division I Finals Highlights,2023-06-20T18:41:12Z,https://www.youtube.com/watch?v=jJGdNrlCaxI
2023 College Championships: Division III Highlights,2023-05-27T14:37:59Z,https://www.youtube.com/watch?v=i1yaf9EFk4I
2023 College Championships: Division III Finals Highlights,2023-05-27T14:37:29Z,https://www.youtube.com/watch?v=kRFFeBPvxpA
2022 National Championships: Men's Highlights,2022-11-29T15:52:27Z,https://www.youtube.com/watch?v=Jy3PyVhZmvA
2022 National Championships: Mixed Highlights,2022-11-16T17:42:14Z,https://www.youtube.com/watch?v=zcsEr2QyEAE
2022 National Championships: Women's Division,2022-11-08T20:02:25Z,https://www.youtube.com/watch?v=Zd4lWP1a-r0
2022 National Championships: Finals Highlights,2022-11-03T15:40:26Z,https://www.youtube.com/watch?v=qwuHNsIUTTg
2022 National Championships Women's Semifinal: Toronto 6ixers (7) vs. Denver Molly Brown (3),2022-10-22T18:50:44Z,https://www.youtube.com/watch?v=eQb53NPOeps
2022 National Championships Prequarter (Teams TBD),2022-10-22T00:00:33Z,https://www.youtube.com/watch?v=ngAS9A6zE3g
2022 National Championships Quarterfinal (Teams TBD),2022-10-21T22:31:03Z,https://www.youtube.com/watch?v=a-q9LszVFLs
2022 National Championships Quarterfinal (Teams TBD),2022-10-21T20:30:39Z,https://www.youtube.com/watch?v=khncV2tHwj8
2022 National Championships Pool Play: Seattle Mixtape (5) vs. Michigan Hybrid (4),2022-10-21T06:29:56Z,https://www.youtube.com/watch?v=3PsVc3WwgmY
2022 National Championships Pool Play: Denver Johnny Bravo (8) vs. Washington Truck Stop (1),2022-10-21T04:19:10Z,https://www.youtube.com/watch?v=YArKGIFYbI4
2022 National Championships Pool Play: Portland Schwa (9) vs. Washington Scandal (5),2022-10-21T02:24:48Z,https://www.youtube.com/watch?v=lwzw-VZtIwY
2022 National Championships Pool Play: Fort Collins shame. (10) vs. Philadelphia AMP (3),2022-10-20T17:53:13Z,https://www.youtube.com/watch?v=3P5JBjujxcM
2022 National Championships Men's Semifinal: Denver Johnny Bravo (8) vs. Salem Rhino Slam! (7),2022-10-06T18:49:49Z,https://www.youtube.com/watch?v=HZf4bN8d5Qs
2022 WFDF World Junior Ultimate Championships: Team USA Highlights Part 2,2022-09-26T14:35:57Z,https://www.youtube.com/watch?v=F4OIs9reiuQ
2022 WFDF World Junior Ultimate Championships: Team USA Highlights Part 1,2022-09-12T14:51:11Z,https://www.youtube.com/watch?v=PCSKpo6vxB4
2022 Pro Championships Men's Final: Washington D.C. Truck Stop (4) vs. New York PoNY (3),2022-09-05T18:56:18Z,https://www.youtube.com/watch?v=MQmasxKwQCg
2022 Pro Championships Mixed Final: Minneapolis Drag'n Thrust (4) vs. Michigan Hybrid (1),2022-09-05T16:56:27Z,https://www.youtube.com/watch?v=Xvxz0kK7B5k
2022 Pro Championships Women's Final: Raleigh Phoenix (6) vs. Denver Molly Brown (3),2022-09-05T14:56:26Z,https://www.youtube.com/watch?v=JvNVSRUDmaE
2022 Pro Championships Women's Semifinal,2022-09-05T00:38:52Z,https://www.youtube.com/watch?v=WJdod_6CrnM
2022 Pro Championships Men's Semifinal,2022-09-04T21:00:44Z,https://www.youtube.com/watch?v=QxElDHQklT4
2022 Pro Championships Mixed Semifinal,2022-09-04T16:48:59Z,https://www.youtube.com/watch?v=8eD3u6KiRsY
2022 U.S. Open U-20 Boys Final: Oakland smOAK vs. Utah Swarm,2022-08-20T00:05:42Z,https://www.youtube.com/watch?v=mRsWm8xPz2Q
2022 U.S. Open U-20 Girls Final: Utah Swarm vs. Oregon Downpour,2022-08-08T18:30:29Z,https://www.youtube.com/watch?v=RFbSGhY4TZQ
2022 U.S. Open U-20 Girls Semifinal,2022-08-08T15:17:29Z,https://www.youtube.com/watch?v=5dBQaKCVJ18
2022 Color of Ultimate College All Star Game: Highlights,2022-07-12T12:18:23Z,https://www.youtube.com/watch?v=spLKlxV1E0Q
2022 College Championships: D-I Men's Highlights,2022-06-10T15:03:30Z,https://www.youtube.com/watch?v=0BuY-pWfuBY
2022 College Championships: D-I Women's Highlights,2022-06-09T14:52:08Z,https://www.youtube.com/watch?v=ZCYC2K6HI48
2022 College Championships: D-I Finals Highlights,2022-06-06T14:34:17Z,https://www.youtube.com/watch?v=daMTktFJUGc
The Color of Ultimate College All-Star Game,2022-05-30T18:17:32Z,https://www.youtube.com/watch?v=mBygwuHJBrg
2022 USA Ultimate College Championships Men's Pool Play: Cal (10) vs. Vermont (6),2022-05-28T16:06:14Z,https://www.youtube.com/watch?v=DZRdjILaCtA
2022 USA Ultimate College Championships Women's Pool Play: Vermont (9) vs. Washington (5),2022-05-28T15:10:52Z,https://www.youtube.com/watch?v=vuR0bhIXOiQ
2022 USA Ultimate College Championships Women's Pool Play: Washington (5) vs. UC-Santa Barbara (4),2022-05-28T05:18:53Z,https://www.youtube.com/watch?v=vAWXCfjMKUQ
2022 USA Ultimate College Championships Men's Pool Play: Georgia (5) vs. Pittsburgh (4),2022-05-27T22:58:43Z,https://www.youtube.com/watch?v=wLiyTlHSwBg
2022 USA Ultimate College Championships Men's Pool Play: William & Mary (17) vs. Texas (12),2022-05-27T21:37:13Z,https://www.youtube.com/watch?v=bA_xyFIeD9U
2022 USA Ultimate College Championships Women's Pool Play: UBC (17) vs. Carleton (3),2022-05-27T21:21:22Z,https://www.youtube.com/watch?v=mQ62q24TTOE
2022 USA Ultimate College Championships Men's  Pool Play: Auburn (16) vs. Michigan (9),2022-05-27T19:19:05Z,https://www.youtube.com/watch?v=JMbtbumKHwc
2022 USA Ultimate College Championships Women's  Pool Play: Tufts (7) vs. Colorado (2),2022-05-27T19:17:09Z,https://www.youtube.com/watch?v=vngg6zLddZ4
2022 USA Ultimate College Championships Men's  Pool Play: Ohio State (15) vs. Vermont (6),2022-05-27T17:34:48Z,https://www.youtube.com/watch?v=CZjptOC_-l8
2022 USA Ultimate College Championships Women's  Pool Play: Stanford (8) vs. North Carolina (1),2022-05-27T17:16:01Z,https://www.youtube.com/watch?v=p-vy1ijSY_Y
2022 USA Ultimate College Championships Women's  Pool Play: Pittsburgh (14) vs. Tufts (7),2022-05-27T15:24:09Z,https://www.youtube.com/watch?v=GE3z7Pzj1LQ
2022 USA Ultimate College Championships Men's  Pool Play: Washington (14) vs. N.C State (7),2022-05-27T15:21:48Z,https://www.youtube.com/watch?v=XJEUHTirwr0
2022 College Championships: Division III Highlights,2022-05-26T20:24:37Z,https://www.youtube.com/watch?v=GfqimNB9VTU
2022 College Championships: Division III Finals Highlights,2022-05-25T16:09:40Z,https://www.youtube.com/watch?v=tNqWhL9_mv8
Women's Final: Wellesley (4) vs. Middlebury (1) USA Ultimate D-III College Championships,2022-05-23T19:26:38Z,https://www.youtube.com/watch?v=BAAL8HQRx4I
Men's Final: Oklahoma Christian (6) vs. St. Olaf (1) USA Ultimate D-III College Championships,2022-05-23T16:39:32Z,https://www.youtube.com/watch?v=p5tV_34wttg
Women's Semifinal: Wellesley (4) vs. Carleton (2) USA Ultimate D-III College Championships,2022-05-23T01:19:40Z,https://www.youtube.com/watch?v=_ts2bDJ4ogg
Men's Semifinal: Oklahoma Christian (6) vs. Middlebury (2) USA Ultimate D-III College Championships,2022-05-22T22:50:27Z,https://www.youtube.com/watch?v=ogbqmwr3S4w
Ultimate Frisbee,2022-03-20T01:54:32Z,https://www.youtube.com/watch?v=N0VRa9ZW7yo
2021 College Championships: Finals Highlights,2022-02-07T16:39:28Z,https://www.youtube.com/watch?v=wrWt9Yg27e0
2021 College Championships: Women’s Division Highlights,2022-01-20T19:55:56Z,https://www.youtube.com/watch?v=_wWFs4-Y-AA
2021 College Championships: Men's Highlights,2022-01-12T17:40:34Z,https://www.youtube.com/watch?v=TDwZvcwgoAM
Portland vs. Middlebury | D-3 Women's Final | College Championships 2021,2021-12-20T22:19:59Z,https://www.youtube.com/watch?v=Q40yRvSeAQk
Oklahoma Christian vs. Middlebury | D-3 Men's Final | College Championships 2021,2021-12-20T19:52:52Z,https://www.youtube.com/watch?v=UaSbyKgnrVY
Richmond vs Oklahoma Christian | D-3 Men's Semifinal | College Championships 2021,2021-12-20T00:42:09Z,https://www.youtube.com/watch?v=8ggOofOeufk
Middlebury vs St. Olaf | D-3 Men's Semifinal | College Championships 2021,2021-12-20T00:38:01Z,https://www.youtube.com/watch?v=hda4qzl2B6E
Portland vs Carleton-Eclipse | D-3 Women's Semifinal | College Championships 2021,2021-12-19T22:27:06Z,https://www.youtube.com/watch?v=Mp-IloKWeR4
Truman State vs Middlebury | D-3 Women's Semifinal | College Championships 2021,2021-12-19T21:58:07Z,https://www.youtube.com/watch?v=p1IUn3ynfE4
2021 USA Ultimate National Championships - Men's Division Highlights,2021-11-09T21:29:15Z,https://www.youtube.com/watch?v=GpL-k_cMAhk
2021 USA Ultimate National Championships - Mixed Division Highlights,2021-11-04T16:35:40Z,https://www.youtube.com/watch?v=9f67n-k0-9U
Cleveland Crocs vs. Ann Arbor Hybrid | Mixed Final | SFI East 2021,2021-11-01T16:06:20Z,https://www.youtube.com/watch?v=BoMiflyUTEY
Madison Mad Men vs. Tennessee Tanasi | Men's Final | SFI East 2021,2021-11-01T16:05:31Z,https://www.youtube.com/watch?v=UAkqPcKG8OI
Orem The Killjoys vs Golden Fungi | Men's Final | Select Flight Invite West 2021,2021-11-01T16:04:29Z,https://www.youtube.com/watch?v=9lfnNOfuAQM
Lexington Pi+ vs. Atlanta flATLine | Youth Mixed Final | Youth Club Championships 2021,2021-11-01T16:03:17Z,https://www.youtube.com/watch?v=7LRYtsK33m0
2021 USA Ultimate National Championships - Women's Division Highlights,2021-11-01T15:54:03Z,https://www.youtube.com/watch?v=3LJZhiClJDI
Club Championships 2021: Seattle BFG vs. Seattle Mixtape | Mixed Semifinal,2021-10-23T19:07:07Z,https://www.youtube.com/watch?v=E9nAa6g3ucc
Club Championships 2021: Raleigh Ring of Fire vs. Salem Rhino Slam! | Men's Semifinal,2021-10-23T18:38:39Z,https://www.youtube.com/watch?v=P-x9GKfBATk
2021 USA Ultimate Pro Championships Highlights,2021-09-16T20:19:36Z,https://www.youtube.com/watch?v=_lIJgHcnHJo
Pro Championships 2021: Molly Brown v. Phoenix | Semifinal,2021-09-05T22:43:51Z,https://www.youtube.com/watch?v=HUCtCAX_jfQ
Pro Championships 2021: shame. vs Lawless | Mixed Semifinal,2021-09-05T20:33:51Z,https://www.youtube.com/watch?v=_hrozdYOdFQ
Pro Championships 2021: Rhino Slam! vs. Truck Stop | Men's Semifinal,2021-09-05T18:44:45Z,https://www.youtube.com/watch?v=7KLmCdR3buw
2021 U.S. Open: Men's Highlights,2021-08-20T14:22:26Z,https://www.youtube.com/watch?v=3P2it11eJlg
2021 USA Ultimate Masters Championships Men's Final: Johnny Encore vs. Voltron 2020,2021-08-18T14:42:56Z,https://www.youtube.com/watch?v=Jh73YasH6CM
2021 USA Ultimate Masters Championships Women's Final: Reboot Squad vs. Molly Grey,2021-08-18T14:41:07Z,https://www.youtube.com/watch?v=QD6jHgqEqTc
2021 USA Ultimate Masters Championships Mixed Final: Slower vs. Descent,2021-08-18T14:40:14Z,https://www.youtube.com/watch?v=iPypkR6mjgE
2021 U.S. Open: YCC Division Highlights,2021-08-18T14:35:18Z,https://www.youtube.com/watch?v=UEN__za3Gs8
YCC 2021 U20 Boys Final: Utah Swarm vs. Oregon Trainwreck,2021-08-09T20:33:42Z,https://www.youtube.com/watch?v=rv0rvol1EhQ
YCC 2021 U-20 Girls Final: Eugene Downpour vs. D.C. Rogue,2021-08-09T17:34:47Z,https://www.youtube.com/watch?v=K9MGFzVZlzA
YCC 2021 U20 Mixed Semifinal: Lexington Pi+ vs. Minnesota Superior,2021-08-09T15:16:05Z,https://www.youtube.com/watch?v=CUACPBTFUYw
US Open 2021 Men's Final: Chicago Machine (2) vs. Seattle Sockeye (1),2021-08-08T20:03:19Z,https://www.youtube.com/watch?v=Zf57prR0VV8
2021 USA Ultimate Masters Championships: Finals Highlights,2021-08-01T17:47:40Z,https://www.youtube.com/watch?v=jjsdtjd7Jm4
2021 USA Ultimate Masters Championships: Day 1 Highlights,2021-07-29T20:37:21Z,https://www.youtube.com/watch?v=A8z4eHNRLmQ
2021 USA Ultimate Pro-Elite Challenge: Men's Division Highlights,2021-07-25T03:56:52Z,https://www.youtube.com/watch?v=foIztHZjBuc
2021 Pro-Elite Challenge: Mixed Division Highlights,2021-07-21T17:33:41Z,https://www.youtube.com/watch?v=ht3uypKdfZE
Sockeye vs. Johnny Bravo | Men's Final | Pro-Elite Challenge 2021,2021-07-21T14:12:08Z,https://www.youtube.com/watch?v=Lu7ML8FXaj4
shame. vs. Arizona Mixed 1 | Mixed Final | Pro-Elite Challenge 2021,2021-07-21T14:11:38Z,https://www.youtube.com/watch?v=rKU9KfzPi_4
Sockeye vs. PoNY | Men's Semifinal | Pro-Elite Challenge 2021,2021-07-14T15:37:38Z,https://www.youtube.com/watch?v=xhBSqR7w1hI
STAR Webinar: Fall 2021 College Registration,2021-05-26T19:32:19Z,https://www.youtube.com/watch?v=7YAi2DsgUpU
University of Georgia vs. Ohio State University--2019 College Championships,2020-08-20T19:10:02Z,https://www.youtube.com/watch?v=W8PvJMiFH-c
University of Wisconsin vs. University of Pittsburgh--2019 College Championships,2020-08-20T19:08:30Z,https://www.youtube.com/watch?v=yvyZ7A3GFEg
University of California-Santa Barbara vs. University of North Carolina--2019 College Championships,2020-08-20T19:06:56Z,https://www.youtube.com/watch?v=irx6ljb0ab0
2020 Callahan Conversations - Solomon Rueschemeyer-Bailey,2020-05-21T15:00:55Z,https://www.youtube.com/watch?v=M2mEGW_jOVo
Callahan Conversations - Maddy Boyle,2020-05-21T14:58:53Z,https://www.youtube.com/watch?v=isfDeCxXE5Q
Callahan Conversations - Margo Urheim,2020-05-20T15:28:21Z,https://www.youtube.com/watch?v=qpajqM1nwhk
Callahan Conversations - Elijah Long,2020-05-20T15:26:10Z,https://www.youtube.com/watch?v=6uPhMJ2SpHM
2020 Callahan Conversations - Kaitlyn Weaver,2020-05-19T16:10:11Z,https://www.youtube.com/watch?v=ox_YXF69l3Y
2020 Callahan Conversations - Michael Ing,2020-05-19T16:08:45Z,https://www.youtube.com/watch?v=oFYvw6f7S5E
2020 Callahan Conversations - Tannor Johnson,2020-05-18T17:26:40Z,https://www.youtube.com/watch?v=RGHmIOxPyyg
2020 Callahan Conversations - Cara Sieber,2020-05-18T17:24:43Z,https://www.youtube.com/watch?v=g-D5x84fRBQ
2020 Callahan Conversations - Anne Worth,2020-05-17T16:30:16Z,https://www.youtube.com/watch?v=Kkj3XdKNkww
2020 Callahan Conversations - Jac Carreiro,2020-05-17T16:29:43Z,https://www.youtube.com/watch?v=wwj_GnrCHlI
STAR Webinar: How to Build an Inclusive Team - April 2020,2020-05-05T18:18:13Z,https://www.youtube.com/watch?v=UbXXYBIIe8M
Mixed Showcase Game #2 -- 2020 #LiveUltimate + Beach of Dreams,2020-03-19T17:21:47Z,https://www.youtube.com/watch?v=nKhuzQ4dG6M
Women's Showcase Game -- #LiveUltimate + Beach of Dreams,2020-03-10T15:27:23Z,https://www.youtube.com/watch?v=CNkIvY1Auhg
Men's Showcase Game -- #LiveUltimate + Beach of Dreams,2020-02-20T22:14:28Z,https://www.youtube.com/watch?v=9A7lUXuNT6s
Mixed Showcase Game #1 -- 2020 #LiveUltimate + Beach of Dreams,2020-02-13T23:54:41Z,https://www.youtube.com/watch?v=inNPRMRbz7A
STAR  Webinar: Official Rules of Ultimate 2020-2021,2020-02-06T17:24:02Z,https://www.youtube.com/watch?v=GkoqNPK6hHs
2020 #LiveUltimate + Beach of Dreams,2020-02-04T19:29:12Z,https://www.youtube.com/watch?v=b9noSd-0ans
San Francisco Mischief vs Philadelphia AMP -- Mixed 2019 National Championship,2020-01-16T23:41:36Z,https://www.youtube.com/watch?v=7UePxMZhmXQ
Chicago Machine vs Seattle Sockeye -- Men's 2019 National Championship,2020-01-16T23:18:35Z,https://www.youtube.com/watch?v=4I8swqG5WuE
Toronto 6ixers vs Boston Brute Squad -- Women's 2019 National Championship,2020-01-16T22:43:40Z,https://www.youtube.com/watch?v=J3sDoRr50jk
Raleigh Ring of Fire vs Seattle Sockeye -- Men's Semi 2019 National Championships,2020-01-16T21:08:32Z,https://www.youtube.com/watch?v=n747DJQIqzY
Chicago Machine vs New York PoNY -- Men's Semi 2019 National Championships,2020-01-16T20:33:07Z,https://www.youtube.com/watch?v=k6LRV8zBA78
Fort Collins Shame. vs Philadelphia AMP -- Mixed Semi 2019 National Championships,2020-01-16T20:07:55Z,https://www.youtube.com/watch?v=HrHWyUFNV8g
Boston Brute Squad vs San Francisco Fury -- Women's Semi 2019 National Championships,2020-01-16T19:27:27Z,https://www.youtube.com/watch?v=8uw_eDeOQlE
Men's Highlight Reel--2019 National Championships,2019-11-15T16:31:33Z,https://www.youtube.com/watch?v=zt8jq7EaWxw
Mixed Highlight Reel--2019 National Championships,2019-11-12T17:30:05Z,https://www.youtube.com/watch?v=jDI2OAlSvpA
Women's Highlight Reel--2019 National Championships,2019-11-05T19:12:48Z,https://www.youtube.com/watch?v=TpPyQ6xiorg
San Francisco Mischief vs Minneapolis Drag'N Thrust--Mixed Semifinal 2019 National Championships,2019-10-26T19:24:02Z,https://www.youtube.com/watch?v=vaGQuel2lNY
Portland Schwa vs Toronto 6ixers--Women's Semifinal 2019 National Championships,2019-10-26T18:36:21Z,https://www.youtube.com/watch?v=0Hb-wdQR6lQ
Minneapolis Sub Zero vs San Francisco Revolver--Men's Fifth-Place Semi 2019 National Championships,2019-10-26T00:50:42Z,https://www.youtube.com/watch?v=_9Nbde5VxSs
Seattle Mixtape vs Minneapolis Drag'N Thrust--Mixed Quarterfinal 2019 National Championships,2019-10-25T22:56:09Z,https://www.youtube.com/watch?v=ujAw5Qdtj38
Portland Rhino Slam! vs New York PoNY--Men's Quarterfinal 2019 National Championships,2019-10-25T22:55:01Z,https://www.youtube.com/watch?v=C1BgMTaUs0E
Minneapolis Sub Zero vs Seattle Sockeye--Men's Quarterfinal 2019 National Championships,2019-10-25T20:49:57Z,https://www.youtube.com/watch?v=vgOZ85uLBsY
Raleigh Phoenix vs Boston Brute Squad-- Women's Quarterfinal 2019 National Championships,2019-10-25T20:25:37Z,https://www.youtube.com/watch?v=_bqoExXmYXo
Minneapolis Drag'N Thrust vs Boston Slow White--Mixed Pre-Quarterfinal 2019 National Championships,2019-10-25T18:09:53Z,https://www.youtube.com/watch?v=tjQcHO_VX20
Portland Schwa vs Vancouver Traffic-- Women's Pre-Quarterfinal 2019 National Championships,2019-10-25T17:40:13Z,https://www.youtube.com/watch?v=Z6pv1tNSwaY
Chicago Machine vs Washington D.C. Truck Stop--2019 National Championships,2019-10-25T00:47:26Z,https://www.youtube.com/watch?v=l0A3wvqIN64
Washington D.C. Scandal vs Seattle Riot--2019 National Championships,2019-10-25T00:43:04Z,https://www.youtube.com/watch?v=f-FPDRQVOfI
Vancouver Furious vs So Cal Condors--2019 National Championships,2019-10-24T22:31:54Z,https://www.youtube.com/watch?v=Q4zPvhsJq48
Durham Toro vs Washington D.C. Space Heater--2019 National Championships,2019-10-24T22:19:36Z,https://www.youtube.com/watch?v=wG6fJSRN6ug
San Diego Wildfire vs Raleigh Phoenix--2019 National Championships,2019-10-24T20:05:47Z,https://www.youtube.com/watch?v=406HPQkw0RA
Fort Collins shame. vs Boston Slow White--2019 National Championships,2019-10-24T19:52:35Z,https://www.youtube.com/watch?v=sslzkFQ_kmA
Boston Snake Country vs Philadelphia AMP--2019 National Championships,2019-10-24T18:01:22Z,https://www.youtube.com/watch?v=75b8HY-m1rc
Austin Doublewide vs Raleigh Ring of Fire--2019 National Championships,2019-10-24T17:53:52Z,https://www.youtube.com/watch?v=gBZfep7aSMk
Denver Molly Brown vs San Francisco Fury--2019 Pro Championships Women's Final,2019-10-04T20:36:39Z,https://www.youtube.com/watch?v=D77LdVg0kMM
Minneapolis Drag'N Thrust vs Philadelphia AMP--2019 Pro Championships Mixed Final,2019-10-04T20:29:50Z,https://www.youtube.com/watch?v=vz_fDbiRhmk
Chicago Machine vs New York PoNY--2019 Pro Championships Men's Final,2019-10-04T20:18:33Z,https://www.youtube.com/watch?v=FWRT-EiV9mY
Seattle Mixtape vs Minneapolis Drag'N Thrust--2019 U.S. Open Club Championships Mixed Final,2019-09-19T00:01:17Z,https://www.youtube.com/watch?v=ms5Tr4Bu454
New York PoNY vs Seattle Sockeye--2019 U.S. Open Club Championships Men's Final,2019-09-18T23:50:37Z,https://www.youtube.com/watch?v=S07L-ahFKog
Medellin Revolution vs Boston Brute Squad--2019 U.S. Open Club Championships Women's Final,2019-09-18T23:41:02Z,https://www.youtube.com/watch?v=yjYc9tSxrUQ
Boston Snake Country vs Minneapolis Drag'N Thrust--2019 U.S. Open Club Championships Mixed Semi,2019-09-18T23:23:30Z,https://www.youtube.com/watch?v=xj_eODV_Hho
San Francisco Mischief vs Seattle Mixtape--2019 U.S. Open Club Championships Mixed Semi,2019-09-18T23:13:27Z,https://www.youtube.com/watch?v=9ZPiVLQhqME
New York PoNY vs Washington D.C. Truck Stop--2019 U.S. Open Club Championships Men's Semi,2019-09-18T22:55:45Z,https://www.youtube.com/watch?v=X-UzS0s7iqY
Medellin Revolution vs Seattle Riot--2019 U.S. Open Club Championships Women's Semi,2019-09-18T22:45:01Z,https://www.youtube.com/watch?v=07l-ujpx2lE
2019 Pro Championships,2019-09-10T18:52:02Z,https://www.youtube.com/watch?v=hq6EX8n1fZk
Tipped Disc--2019 Pro Championships,2019-09-04T14:28:27Z,https://www.youtube.com/watch?v=RyWkhjshdMU
Skying D--2019 Pro Championships,2019-09-03T21:14:22Z,https://www.youtube.com/watch?v=zNKuZZPb-b4
Valeria Cardenas Assist--2019 Pro Championships,2019-09-03T19:49:38Z,https://www.youtube.com/watch?v=zrr4c52q6Ms
Mickle to Kocher Connection--2019 Pro Championships,2019-09-03T17:37:52Z,https://www.youtube.com/watch?v=EBQOgQkuIlI
Avoided D--2019 Pro Championships,2019-09-03T17:31:04Z,https://www.youtube.com/watch?v=e4v2PZCa6U4
Carolyn Normile Bookends--2019 Pro Championships,2019-09-03T17:26:35Z,https://www.youtube.com/watch?v=SKQbop-1mlM
Seattle Riot vs San Francisco Fury (Women's Semifinal) -- 2019 Pro Championships,2019-09-01T20:38:47Z,https://www.youtube.com/watch?v=bj6nVzp4HA8
Chicago Machine vs Raleigh Ring of Fire (Men's Semifinal) -- 2019 Pro Championships,2019-09-01T18:38:31Z,https://www.youtube.com/watch?v=XFe7_nIp1cU
Denver Love Tractor vs Fort Collins shame. (Mixed Quarterfinal) -- 2019 Pro Championships,2019-09-01T16:30:44Z,https://www.youtube.com/watch?v=L1vjEYRX1oM
DC Truck Stop vs Minneapolis Sub Zero (Men's Quarterfinal) -- 2019 Pro Championships,2019-09-01T14:35:13Z,https://www.youtube.com/watch?v=ppBL6L1T1uw
Boston Snake Country vs Fort Collins shame.--2019 Pro Championships,2019-08-31T22:35:48Z,https://www.youtube.com/watch?v=5j79igxAZ8s
Washington D.C. Space Heater vs Minneapolis Drag'n Thrust--2019 Pro Championships,2019-08-31T20:32:40Z,https://www.youtube.com/watch?v=M-VlDoMk_As
New York PoNY vs Washington D.C. Truck Stop--2019 Pro Championships,2019-08-31T18:36:17Z,https://www.youtube.com/watch?v=5avNf6QJpbw
Raleigh Phoenix vs Boston Brute Squad--2019 Pro Championships,2019-08-31T16:40:18Z,https://www.youtube.com/watch?v=aRUsHDD-gjM
Washington D.C. Scandal vs Seattle Riot--2019 Pro Championships,2019-08-31T14:20:49Z,https://www.youtube.com/watch?v=qxqa7XjvJYQ
2019 U.S. Open Club Championships---YCC Division,2019-08-23T19:13:05Z,https://www.youtube.com/watch?v=lqvNti08PxA
Seattle Mixtape vs Denver Love Tractor--2019 Pro-Elite Challenge Mixed Final,2019-08-22T15:37:41Z,https://www.youtube.com/watch?v=xYaeKHPej3g
Washington D.C. Scandal vs Denver Molly Brown---2019 Pro-Elite Challenge Women's Final,2019-08-22T15:36:26Z,https://www.youtube.com/watch?v=0aWwGodATqg
Washington D.C. Truck Stop vs Seattle Sockeye---2019 Pro-Elite Challenge Men's Final,2019-08-22T15:35:36Z,https://www.youtube.com/watch?v=KyPOL4f6HtA
Washington D.C. Rally vs Montana Moondog---2019 Select-Flight Invite West Mixed Final,2019-08-22T15:27:02Z,https://www.youtube.com/watch?v=CxIMWcW2afY
Columbus Rival vs Seattle Underground---2019 Select-Flight Invite East Women's Final,2019-08-22T15:25:00Z,https://www.youtube.com/watch?v=A8yKzj4x-qk
Vancouver Furious George vs Toronto GOAT---2019 Select-Flight Invite East Men's Final,2019-08-22T15:23:27Z,https://www.youtube.com/watch?v=ltMG5bDChlo
Boston Siege vs San Diego Wildfire--2019 Elite-Select Women's Final,2019-08-22T15:20:43Z,https://www.youtube.com/watch?v=fs-8rRvU8SU
2019 U.S. Open Club Championships--ICC Division,2019-08-19T17:44:59Z,https://www.youtube.com/watch?v=qYqLHIYJcS4
Men's Final -- 2019 Elite-Select Challenge,2019-08-18T21:34:00Z,https://www.youtube.com/watch?v=WRBQ8hrVDbQ
2019 U.S. U-24 National Team Part 2,2019-08-09T18:59:10Z,https://www.youtube.com/watch?v=guJ_aFEUFT0
Layout Score--2019 U.S. Open Club Championships,2019-08-08T21:22:43Z,https://www.youtube.com/watch?v=jQrv5LiDd6Y
Huck Score--2019 U.S. Open Club Championships,2019-08-08T21:20:33Z,https://www.youtube.com/watch?v=YhJ3B7X8w0U
Dime Throw--2019 U.S. Open Club Championships,2019-08-08T21:17:52Z,https://www.youtube.com/watch?v=mMTiMzCYPCk
Diving Give-And-Go--2019 U.S. Open Club Championships,2019-08-08T21:13:58Z,https://www.youtube.com/watch?v=MJcsjtv2mlI
Elevating D--2019 U.S. Open Club Championships,2019-08-08T21:11:46Z,https://www.youtube.com/watch?v=FXIicO9ULDg
Defensive Swipe--2019 U.S. Open Club Championships,2019-08-08T21:09:06Z,https://www.youtube.com/watch?v=iNseJG2WTro
Hammer Goal--2019 U.S. Open Club Championships,2019-08-08T21:06:48Z,https://www.youtube.com/watch?v=bYDD2N5Bdqk
2019 U.S. U-24 National Team,2019-08-08T20:13:57Z,https://www.youtube.com/watch?v=0-VjCSfvdPI
U-17 Layout D--2019 U.S. Open Club Championships,2019-08-07T21:17:15Z,https://www.youtube.com/watch?v=GGvM3fvp-lE
Final Goal Mixed Championship--2019 U.S. Open Club Championships,2019-08-07T21:11:17Z,https://www.youtube.com/watch?v=rerzIRwS4js
Final Goal Women's Championship--2019 U.S. Open Club Championships,2019-08-07T21:06:04Z,https://www.youtube.com/watch?v=flIHyfSA0Wk
Final Goal Men's Championship--2019 U.S. Open Club Championship,2019-08-07T21:02:58Z,https://www.youtube.com/watch?v=-ZudblCp6W8
Layout Score--2019 U.S. Open Club Championships,2019-08-07T21:00:16Z,https://www.youtube.com/watch?v=TNUvZe_e6Co
Toe Dragging Goal--2019 U.S. Open Club Championships,2019-08-07T20:56:01Z,https://www.youtube.com/watch?v=WWhu1Cgd18I
Insane Layout Score--2019 U.S. Open Club Championships,2019-08-07T20:49:24Z,https://www.youtube.com/watch?v=STr_nE6HsNQ
Layout Goal--2019 U.S. Open Club Championships,2019-08-07T20:40:54Z,https://www.youtube.com/watch?v=KRvUHkeSQxo
Toe Line Goal--2019 U.S. Open Club Championships,2019-08-07T20:36:23Z,https://www.youtube.com/watch?v=pJudh8_9sUc
Layout Interception--2019 U.S. Open Club Championships,2019-08-07T20:30:32Z,https://www.youtube.com/watch?v=ymxC-vaVkG8
Two Receivers--2019 U.S. Open Club Championships,2019-08-07T20:19:15Z,https://www.youtube.com/watch?v=wxyLKM9unFs
Elevating Goal--2019 U.S. Open Club Championships,2019-08-07T19:32:46Z,https://www.youtube.com/watch?v=GUSFKioMPEw
Semifinal Layout D--2019 U.S. Open Club Championships,2019-08-07T19:11:21Z,https://www.youtube.com/watch?v=JTzx-vL7ByY
Valeria Cardenas Assist--2019 U.S. Open Club Championships,2019-08-07T18:54:11Z,https://www.youtube.com/watch?v=H1NB1BsHrco
Saving Layout Catch--2019 U.S. Open Club Championships,2019-08-07T18:36:21Z,https://www.youtube.com/watch?v=wBM-BlOrgEY
Saved Disc Turns Into Goal--2019 U.S. Open Club Championships,2019-08-07T18:26:19Z,https://www.youtube.com/watch?v=ZuWROyVcmus
Big Layout D--2019 U.S. Open Club Championships,2019-08-07T18:15:14Z,https://www.youtube.com/watch?v=QIBDAdkP5uk
Layout D--2019 U.S. Open Club Championships,2019-08-07T18:10:17Z,https://www.youtube.com/watch?v=jmIxyPpdcqs
Classic Match Up--2019 U.S. Open Club Championships,2019-08-07T18:02:12Z,https://www.youtube.com/watch?v=0z_eQXwrIIU
Zoom Zoom Kami Groom--2019 U.S. Open Club Championships,2019-08-07T17:14:19Z,https://www.youtube.com/watch?v=hCrcpiulpwc
Double Game Point Goal--2019 U.S. Open Club Championships,2019-08-07T17:08:20Z,https://www.youtube.com/watch?v=1WxilRE4FQw
Skying Goal--2019 U.S. Open Club Championships,2019-08-07T16:59:12Z,https://www.youtube.com/watch?v=Jvq-Iz4BBjQ
Bang-Bang Play—2019 U.S. Open Club Championships,2019-08-06T15:21:54Z,https://www.youtube.com/watch?v=mXsrc3Z0vZM
Maine Rip Tide vs Triangle Area Warhawks TBD-- 2019 U.S. Open YCC U-20 Girls' Final,2019-08-05T22:17:38Z,https://www.youtube.com/watch?v=PXDmM6OhqGo
Boston BUDA vs Atlanta ATliens -- 2019 U.S. Open YCC U-20 Boys' Final,2019-08-05T21:18:46Z,https://www.youtube.com/watch?v=UUKdI7EWYJA
Harpoon vs INCognito -- 2019 U.S. Open Club Championships YCC U-20 Mixed Semifinal,2019-08-05T18:28:10Z,https://www.youtube.com/watch?v=I-w6LXe6qXQ
Rip Tide vs D.C. Rogue--2019 U.S. Open Club Championships,2019-08-05T17:47:33Z,https://www.youtube.com/watch?v=4ahLgj7Cetg
Equinox vs Pi+-- 2019 U.S. Open Club Championships YCC U-20 Mixed,2019-08-05T15:34:41Z,https://www.youtube.com/watch?v=nTZBGeWjvc8
Bay Area Red Dawn vs. DC Foggy Bottom Boys-- 2019 U.S. Open Club Championships,2019-08-04T22:48:00Z,https://www.youtube.com/watch?v=5453QU1Hn88
Cincinnati Belle vs. DC Rogue-- 2019 U.S. Open YCC U-20 Girls',2019-08-04T19:56:00Z,https://www.youtube.com/watch?v=88JM3DMXsPE
HUCK vs. Fury--2019 U.S. Open Club Championships,2019-08-04T17:30:45Z,https://www.youtube.com/watch?v=fXpHx221Zp0
Sub Zero vs. Nomadic Tribe-- 2019 U.S. Open Club Championships,2019-08-04T15:16:38Z,https://www.youtube.com/watch?v=GjYiTQyQBVM
Ring of Fire vs Seattle Sockeye-- 2019 U.S. Open Club Championships ICC Men's Semi,2019-08-03T23:03:08Z,https://www.youtube.com/watch?v=vJwIW9Vr2vQ
Bay Area Red Dawn vs. Boston BUDA-- 2019 U.S. Open YCC U-20 Boys',2019-08-03T22:29:14Z,https://www.youtube.com/watch?v=4IqXjozasLA
Scandal vs. Brute Squad-- 2019 U.S. Open ICC Women's Semifinal,2019-08-03T20:03:12Z,https://www.youtube.com/watch?v=nzRg9xqky2Q
Seattle Bankroll vs. Oregon Flood-- 2019 U.S. Open YCC U-20 Mixed,2019-08-03T19:30:35Z,https://www.youtube.com/watch?v=af1QkcadYLo
HUCK vs. Molly Brown-- 2019 U.S. Open ICC Women's 5th Place Semi,2019-08-03T17:33:10Z,https://www.youtube.com/watch?v=KN8vtHkDhS8
San Francisco Fury vs Washington D.C. Scandal-- 2019 U.S. Open ICC Women's Quarterfinal,2019-08-03T16:01:24Z,https://www.youtube.com/watch?v=pSbHhVQFYBE
Tokyo Buzz Bullets vs New York PoNY-- 2019 U.S. Open ICC Men's Quarterfinal,2019-08-03T15:03:31Z,https://www.youtube.com/watch?v=8n5wmX73X7w
Drag'n Thrust vs Mixtape-- 2019 U.S. Open ICC Mixed Crossover,2019-08-02T22:23:47Z,https://www.youtube.com/watch?v=Yp1P569iD9A
Brute Squad vs. Revolution--2019 U.S. Open ICC Women's,2019-08-02T22:17:52Z,https://www.youtube.com/watch?v=lBX2zy0xVCA
Ring vs. Comunidad El Oso-- 2019 U.S. Open ICC Men's,2019-08-02T20:07:54Z,https://www.youtube.com/watch?v=b_fxh48Ff6Q
Sub Zero vs. Buzz Bullets--2019 U.S. Open ICC Men's,2019-08-02T19:44:11Z,https://www.youtube.com/watch?v=4wPpMKNKHY4
Sockeye vs. Machine-- 2019 U.S. Open ICC Men's,2019-08-02T18:15:07Z,https://www.youtube.com/watch?v=TJAuNvr86aA
Blackbird vs. AMP--2019 U.S. Open ICC Mixed,2019-08-02T17:35:47Z,https://www.youtube.com/watch?v=0_8SGx_2gZk
Revolution vs. Nightlock-- 2019 U.S. Open ICC Women's,2019-08-02T15:33:38Z,https://www.youtube.com/watch?v=FDcUENQ7HSw
CRAZY vs. Snake Country--2019 U.S. Open ICC Mixed,2019-08-02T14:45:50Z,https://www.youtube.com/watch?v=OmDdr-YOtro
Huck to Goal -- 2019 U.S. U-24 National Team,2019-07-24T14:51:59Z,https://www.youtube.com/watch?v=lUzpbsgrcwg
Skying D -- 2019 U.S. U-24 National Team,2019-07-24T14:51:13Z,https://www.youtube.com/watch?v=HAuLRSdCX-s
Over the Top Grab-- U.S. U-24 National Team,2019-07-24T14:50:20Z,https://www.youtube.com/watch?v=kFgcTb7slzs
Positioned D -- 2019 U.S. U-24 National Team,2019-07-24T14:50:06Z,https://www.youtube.com/watch?v=KduG2tVI8wQ
Forward Layout Goal-- 2019 U.S. U-24 National Team,2019-07-24T14:49:23Z,https://www.youtube.com/watch?v=Ak15iHUpkrs
End Zone Grab-- 2019 U.S. U-24 National Team,2019-07-24T14:48:05Z,https://www.youtube.com/watch?v=LLLwFTlnLa8
Two Handed Layout Goal-- 2019 U.S. U-24 National Team,2019-07-24T14:46:48Z,https://www.youtube.com/watch?v=gtMo1sZCEYQ
Skying Jump into the End Zone-- 2019 U.S. U-24 National Team,2019-07-24T14:44:07Z,https://www.youtube.com/watch?v=dhin176s_b0
2019 AFDC Project Diversity's Color of Ultimate Game,2019-07-23T18:23:42Z,https://www.youtube.com/watch?v=WpMxrRjwg6g
Well Read Goal-- 2019 U.S. U-24 National Team,2019-07-22T20:36:33Z,https://www.youtube.com/watch?v=ktX5IIbgfOA
Team Effort Sky-- 2019 U.S. U-24 National Team,2019-07-22T20:32:46Z,https://www.youtube.com/watch?v=UGcmvfzOwTQ
Full Layout D Grab-- U.S. U-24 National Team,2019-07-22T20:25:37Z,https://www.youtube.com/watch?v=-DeWETnFyCQ
Quick Movement to Final Goal-- 2019 U.S. U-24 National Team,2019-07-22T20:23:16Z,https://www.youtube.com/watch?v=m2xj5ittA4M
Low Grab Goal-- 2019 U.S. U-24 National Team,2019-07-22T20:20:17Z,https://www.youtube.com/watch?v=tdEISuahovw
Front of the End Zone Final Goal-- 2019 U.S. U-24 National Team,2019-07-22T20:16:25Z,https://www.youtube.com/watch?v=YwhjU4OQLW0
Sharp Cut to Open Goal-- 2019 U.S. U-24 National Team,2019-07-22T20:02:33Z,https://www.youtube.com/watch?v=2nsrKugGBEU
Quick Hammer Goal-- 2019 U.S. U-24 National Team,2019-07-22T19:59:16Z,https://www.youtube.com/watch?v=rRb9S2QCzhM
Sky D to Sky Goal-- U.S. U-24 National Team,2019-07-22T19:56:44Z,https://www.youtube.com/watch?v=Z0vcFM3RX2s
Tipped Pass to Goal-- 2019 U.S. U-24 National Team,2019-07-22T19:52:33Z,https://www.youtube.com/watch?v=8wba07SKTAo
Toeing the Line Goal-- 2019 U.S. U-24 National Team,2019-07-22T19:47:42Z,https://www.youtube.com/watch?v=c24PFsRIOaU
Smacked layout D-- 2019 U.S. U-24 National Team,2019-07-22T19:37:49Z,https://www.youtube.com/watch?v=Z6mMPh0JuRA
Full Sprint Layout Goal-- 2019 U.S. National Team,2019-07-22T19:34:24Z,https://www.youtube.com/watch?v=kgzP7JE0QD4
Tipped Layout D-- 2019 U.S. U-24 National Team,2019-07-22T19:23:37Z,https://www.youtube.com/watch?v=fDTIhRsWf08
Universe Point Layout Goal-- 2019 U.S. U-24 National Team,2019-07-22T19:18:00Z,https://www.youtube.com/watch?v=aHaw__ycF_8
Sliding Goal-- 2019 U.S. U-24 National Team,2019-07-22T19:05:04Z,https://www.youtube.com/watch?v=lqAW7EsJ22Q
Run Through Layout D-- 2019 U.S. U-24 National Team,2019-07-22T18:59:55Z,https://www.youtube.com/watch?v=IXkQ_nOF3EI
Foot Block-- 2019 U.S. U-24 National Team,2019-07-22T18:56:06Z,https://www.youtube.com/watch?v=hBMxIoXr1rg
Slide Line Goal-- 2019 U.S. U-24 National Team,2019-07-22T18:45:57Z,https://www.youtube.com/watch?v=oej1gtd4p_I
Offensive Flow Leads to Goal-- 2019 U.S. U-24 National Team,2019-07-22T18:43:42Z,https://www.youtube.com/watch?v=z4L4o3u3o1Q
High Release Hand Block-- 2019 U.S. U-24 National Team,2019-07-22T18:34:50Z,https://www.youtube.com/watch?v=tcSYqr6YpFw
D to Jump in Goal-- 2019 U.S. U-24 National Team,2019-07-22T18:25:40Z,https://www.youtube.com/watch?v=vNB94LMV_nU
Back of the End Zone Sky-- 2019 U.S. U-24 National Team,2019-07-22T17:13:18Z,https://www.youtube.com/watch?v=ovJI578dm7U
Layout D Stops Goal-- 2019 U.S. U-24 National Team,2019-07-22T17:08:17Z,https://www.youtube.com/watch?v=_lF5xlYxAno
Wide Open Goal-- 2019 U.S. U-24 National Team,2019-07-22T17:06:22Z,https://www.youtube.com/watch?v=45-CQj9mYV0
Inside-out Huck to Sky -- 2019 U.S. U-24 National Team,2019-07-22T16:55:06Z,https://www.youtube.com/watch?v=FI0bxNWzwcM
Full Sprint Goal-- 2019 U.S. U-24 National Team,2019-07-22T16:50:06Z,https://www.youtube.com/watch?v=W6uEdOMY3js
End Zone Sky-- 2019 U.S. U-24 National Team,2019-07-22T16:42:36Z,https://www.youtube.com/watch?v=RrorofH8dis
Huck to Quick Goal -- 2019 U.S. U-24 National Team,2019-07-22T15:58:18Z,https://www.youtube.com/watch?v=7wOEv6sOiMQ
No-look D-- 2019 U.S. U-24 National Team,2019-07-22T15:51:12Z,https://www.youtube.com/watch?v=2ohELTEGgfM
D on Rest Leads to Layout Goal-- 2019 U.S. U-24 National Team,2019-07-22T15:47:30Z,https://www.youtube.com/watch?v=ghMqZ-lsRCY
End Zone D to Huck-- 2019 U.S. U-24 National Team,2019-07-22T15:31:25Z,https://www.youtube.com/watch?v=HAF7mwwJQJ4
Game Point--2019 Color of Ultimate Game,2019-06-26T21:22:52Z,https://www.youtube.com/watch?v=WEwcE0mXUac
Sky High Score--2019 Color of Ultimate Game,2019-06-26T19:42:04Z,https://www.youtube.com/watch?v=xwS-bKtWsQw
Huck to Goal--2019 Color of Ultimate Game,2019-06-26T19:39:51Z,https://www.youtube.com/watch?v=ALJzR9Cn60I
Defensive Swipe--2019 Color of Ultimate Game,2019-06-26T19:37:57Z,https://www.youtube.com/watch?v=lJVU1Psq84I
Goal For OT--2019 Color of Ultimate Game,2019-06-26T19:36:08Z,https://www.youtube.com/watch?v=aHw3B-yY6II
Skying Score--2019 Color of Ultimate Game,2019-06-26T19:31:07Z,https://www.youtube.com/watch?v=69A8uy6YtDw
Manuela Cardenas Huck--2019 Color of Ultimate Game,2019-06-26T19:29:03Z,https://www.youtube.com/watch?v=VqS9rZDdglc
Insane Layout Catch--2019 Color of Ultimate Game,2019-06-26T19:26:33Z,https://www.youtube.com/watch?v=jC95kUi7Iw8
Cal-Poly SLO vs University North Carolina--2019 College Championships Semifinal,2019-06-26T18:34:28Z,https://www.youtube.com/watch?v=hA9UvP5Natc
Ohio State University vs University of California-San Diego--2019 College Championships Semifinal,2019-06-26T18:14:49Z,https://www.youtube.com/watch?v=5Uf-IyD6Ft0
University of Colorado vs Brown University--2019 College Championships Semifinal,2019-06-26T18:02:34Z,https://www.youtube.com/watch?v=fyhb7uiw5lc
University of North Carolina vs Dartmouth College--2019 College Championships Semifinal,2019-06-26T17:51:51Z,https://www.youtube.com/watch?v=nIfeebMP2Zs
Brown University vs University of North Carolina--2019 College Championship,2019-06-25T22:58:01Z,https://www.youtube.com/watch?v=DmdV5SBZGZ0
University of California-San Diego vs Dartmouth College--2019 College Championship,2019-06-25T22:53:23Z,https://www.youtube.com/watch?v=iEHfb-Nt8f8
Tumbling Goal--2019 College Championships,2019-06-12T17:23:46Z,https://www.youtube.com/watch?v=rf9g1cTrT_8
Foot Block--2019 College Championships,2019-06-12T17:17:27Z,https://www.youtube.com/watch?v=qdhpG0lQPRg
Hand Block + Patience Offense = Goal--2019 College Championships,2019-06-12T17:13:50Z,https://www.youtube.com/watch?v=8brA5m2E4es
Deep Huck--2019 College Championships,2019-06-12T17:08:21Z,https://www.youtube.com/watch?v=IzVV5_XQBPM
Block Huck Score--2019 College Championships,2019-06-12T17:01:32Z,https://www.youtube.com/watch?v=L5gn2wdChiw
Catch Between The Legs--2019 College Championships,2019-06-12T16:57:44Z,https://www.youtube.com/watch?v=Qp8Tp_oA5CQ
Double Game Point--2019 College Championships,2019-06-12T16:55:16Z,https://www.youtube.com/watch?v=B35jNp_lAEc
Blocked Goal--2019 College Championships,2019-06-12T16:48:00Z,https://www.youtube.com/watch?v=KwaxF5n3ZsU
Scoober Score--2019 College Championships,2019-06-12T16:44:25Z,https://www.youtube.com/watch?v=XQ6bVgirF0g
Men's Final Callahan--2019 College Championships,2019-06-12T16:37:31Z,https://www.youtube.com/watch?v=RHQJI7dEi3Y
Men's Division Highlights--2019 College Championships,2019-06-10T16:47:00Z,https://www.youtube.com/watch?v=VOvDKNSd0sY
Women's Division Highlights--2019 College Championships,2019-06-05T16:36:59Z,https://www.youtube.com/watch?v=h1X64QC9FyM
Out Skies Opponent-- 2019 College Championships,2019-06-03T16:22:01Z,https://www.youtube.com/watch?v=abAGpaQdaYc
No Look Scoober--2019 College Championships,2019-06-03T16:17:16Z,https://www.youtube.com/watch?v=2iCkpmIAVbA
Quick Grab Callahan--2019 College Championships,2019-06-03T16:09:11Z,https://www.youtube.com/watch?v=gQl9gcPNk5Y
Tipped Pass Score--2019 College Championships,2019-06-03T16:05:07Z,https://www.youtube.com/watch?v=JscDNiKC5qI
Full Extension Foot Block--2019 College Championships,2019-06-03T15:56:46Z,https://www.youtube.com/watch?v=P4yesG_TVV0
Look Back Sky-- 2019 College Championships,2019-06-03T15:48:52Z,https://www.youtube.com/watch?v=-sl0NvJgGGg
Missed layout to layout D--2019 College Championships,2019-06-03T15:44:05Z,https://www.youtube.com/watch?v=dODolMDf6GY
Flick Huck Run Down--2019 College Championships,2019-06-03T15:23:55Z,https://www.youtube.com/watch?v=dzlZsqR-8eM
Game Point Sky-- 2019 College Championships,2019-06-03T15:16:15Z,https://www.youtube.com/watch?v=2PM5m7_vcys
Layout Grab to timeout call--2019 College Championships,2019-06-03T15:11:48Z,https://www.youtube.com/watch?v=JuzLcByUzF0
2019 D-III College Championships,2019-05-30T17:16:45Z,https://www.youtube.com/watch?v=qN2I2nDuHxE
Layout Hand Block on Goal Line-- 2019 College Championships,2019-05-29T21:43:25Z,https://www.youtube.com/watch?v=T3RnpEm9-2c
Layout Score Followed by Celebration-- 2019 College Championships,2019-05-29T21:28:40Z,https://www.youtube.com/watch?v=4A6nYv9gBhg
Full Sprint Layout Goal-- 2019 College Championships,2019-05-29T21:20:09Z,https://www.youtube.com/watch?v=wmxmjSZbqf4
Over the Top Catch-- 2019 College Championships,2019-05-29T21:13:30Z,https://www.youtube.com/watch?v=3kDZORaFGPY
Hand Block-- 2019 College Championships,2019-05-29T21:10:04Z,https://www.youtube.com/watch?v=HhGiiGwaIJ0
Lane Blocking D-- 2019 College Championships,2019-05-29T21:06:03Z,https://www.youtube.com/watch?v=2KllWDAlUGc
Foot Block Pass-- 2019 College Championships,2019-05-29T21:02:08Z,https://www.youtube.com/watch?v=yq-XT98mg5M
Goal Line D-- 2019 College Championships,2019-05-29T20:52:48Z,https://www.youtube.com/watch?v=jpYIkWy7SkI
Run to D-- 2019 College Championships,2019-05-29T20:50:16Z,https://www.youtube.com/watch?v=ynzIRUK5Unk
Tipped Catch Goal-- 2019 College Championships,2019-05-29T20:43:49Z,https://www.youtube.com/watch?v=f1QdwT5shx0
Run Through to Layout D-- 2019 College Championships,2019-05-29T20:40:11Z,https://www.youtube.com/watch?v=SjnH4CBNH7U
Throw Stopping Foot Block-- 2019 College Championships,2019-05-29T20:05:05Z,https://www.youtube.com/watch?v=PJ1wuJ8z2Rw
Day One Callahan-- 2019 College Championships,2019-05-29T19:50:36Z,https://www.youtube.com/watch?v=-fLdmAXBIzY
Last Second Grab Goal-- 2019 College Championships,2019-05-29T19:45:08Z,https://www.youtube.com/watch?v=1kwruB_bzag
Run Down Goal-- 2019 College Championships,2019-05-29T19:40:22Z,https://www.youtube.com/watch?v=yvsctUn6kNs
Horizontal Layout D-- 2019 College Championships,2019-05-29T19:35:27Z,https://www.youtube.com/watch?v=9lQGrfgUUfI
Sideways Two-handed Catch for Goal-- 2019 College Championships,2019-05-29T19:28:52Z,https://www.youtube.com/watch?v=9QF_5BeaG5g
Chest High Layout Goal-- 2019 College Championhips,2019-05-29T19:23:02Z,https://www.youtube.com/watch?v=DoU3TNKNp4E
Lunge Assist to Layout Score-- 2019 D-lll College Championships,2019-05-29T19:05:14Z,https://www.youtube.com/watch?v=ySwZsAHbd6g
Run Down Sky-- 2019 D-lll College Championships,2019-05-29T18:58:26Z,https://www.youtube.com/watch?v=Ibeo6xO6G5c
Boxed Out Sky-- 2019 D-lll College Championships,2019-05-29T18:52:22Z,https://www.youtube.com/watch?v=ik4DVx6A0n0
Run Through D-- 2019 D-lll College Championships,2019-05-29T18:46:59Z,https://www.youtube.com/watch?v=W5Q3rJKcBdw
Quick Grab Goal-- 2019 D-lll College Championships,2019-05-29T18:42:53Z,https://www.youtube.com/watch?v=50hES9OTzRM
Power Position Huck to Sky-- 2019 D-lll College Championships,2019-05-29T18:36:42Z,https://www.youtube.com/watch?v=x9bximrc_dE
Sky D-- 2019 D-lll College Championships,2019-05-29T18:28:39Z,https://www.youtube.com/watch?v=BTJZptQHEvY
Down Field Huck to Score-- 2019 D-lll College Championships,2019-05-29T18:15:46Z,https://www.youtube.com/watch?v=XdB4ZzKNzQg
From Behind D-- 2019 D-lll College Championshps,2019-05-29T18:10:13Z,https://www.youtube.com/watch?v=mV1SmSrWRSM
Endzone Sky-- 2019 D-lll College Championships,2019-05-29T18:06:54Z,https://www.youtube.com/watch?v=yCAJilMmmYg
Sideways Layout D-- 2019 D-lll College Championships,2019-05-29T18:02:52Z,https://www.youtube.com/watch?v=kr6immOzCgM
Full Extension Layout D-- 2019 Beach Championships,2019-05-29T17:49:38Z,https://www.youtube.com/watch?v=k3Pq3DA_HUA
Back to Back Layout D's-- 2019 Beach Championship,2019-05-29T17:45:20Z,https://www.youtube.com/watch?v=p75Cmsz4-r0
Trailing-edge Catch-- 2019 Beach Championships,2019-05-29T17:39:57Z,https://www.youtube.com/watch?v=5vkw30ZOql4
Looking Back Layout Grab-- 2019 Beach Championships,2019-05-29T17:35:21Z,https://www.youtube.com/watch?v=JiZFxwKgmds
Two-Handed Layout-- 2019 Beach Championships,2019-05-29T17:29:03Z,https://www.youtube.com/watch?v=tHfQENuVMgw
From Behind Layout Catch-- 2019 Beach Championships,2019-05-29T17:25:31Z,https://www.youtube.com/watch?v=JijmcUXi7nY
Jumping Catch Score-- 2019 Beach Championships,2019-05-29T17:21:28Z,https://www.youtube.com/watch?v=_o4vvKdq2As
High Release to Layout Goal-- 2019 Beach Championships,2019-05-29T17:12:56Z,https://www.youtube.com/watch?v=2B9CriC7-Rg
Full Sprint Layout Goal-- 2019 Beach Championships,2019-05-29T17:05:48Z,https://www.youtube.com/watch?v=w8g4t26Du4o
Layout Goal-- 2019 Beach Championships,2019-05-29T16:59:27Z,https://www.youtube.com/watch?v=qvFRzrmG_Jk
Layout D-- 2019 Beach Championships,2019-05-29T16:49:17Z,https://www.youtube.com/watch?v=tZtl-NBu1u4
Full Extension Layout Goal-- 2019 Beach Championships,2019-05-29T16:39:25Z,https://www.youtube.com/watch?v=65Fv5arOP8Y
University of Colorado vs. University of Pittsburgh--2019 College Championships,2019-05-26T15:36:30Z,https://www.youtube.com/watch?v=zBgeXlsp-DI
2019 College Championships LIVE from Round Rock - Day 3,2019-05-26T15:12:50Z,https://www.youtube.com/watch?v=V_QNLeCjHuw
2019 College Championships LIVE from Round Rock - Day 2,2019-05-26T10:13:07Z,https://www.youtube.com/watch?v=2aMFhr8atsY
University of Texas vs. University of Wisconsin--2019 College Championships,2019-05-26T00:59:28Z,https://www.youtube.com/watch?v=3wndbnRohTA
University of Wisconsin vs. University of Colorado--Women's Pre-Quarterfinal,2019-05-26T00:56:26Z,https://www.youtube.com/watch?v=wtNwW95EEeQ
University of Texas vs. North Carolina State University--2019 College Championships,2019-05-25T21:47:58Z,https://www.youtube.com/watch?v=KyKYuJqZb00
University of Georgia vs. Western Washington University--2019 College Championships,2019-05-25T21:11:13Z,https://www.youtube.com/watch?v=xf1vRaroNp0
University of Texas vs. Dartmouth College--2019 College Championships,2019-05-25T19:27:24Z,https://www.youtube.com/watch?v=913SLamssL4
Northeastern University vs. Ohio State University--2019 College Championships,2019-05-25T17:35:33Z,https://www.youtube.com/watch?v=cveydwL0qis
Pregame Banter between #LiveUltimate Ambassadors--Jimmy Mickle and Trent Dillon,2019-05-25T16:37:50Z,https://www.youtube.com/watch?v=_GRd89r-xmM
University of Oregon vs. University of Pittsburgh--2019 College Championships,2019-05-25T15:11:50Z,https://www.youtube.com/watch?v=1zcIODRaObc
University of Washington vs. Cal Poly-SLO--2019 College Championships,2019-05-25T14:55:06Z,https://www.youtube.com/watch?v=H8kymojxt0Q
Tufts University vs  Western Washington University  2019 College Championships,2019-05-25T14:42:08Z,https://www.youtube.com/watch?v=crqsT1cYf5A
LU | Carolyn + Jessie,2019-05-25T13:11:33Z,https://www.youtube.com/watch?v=3W8rY4Rq9fo
2019 College Championships LIVE from Round Rock,2019-05-25T00:27:57Z,https://www.youtube.com/watch?v=a3QWm-SFYrY
Dartmouth College vs. Carleton College--2019 College Championships,2019-05-24T23:06:36Z,https://www.youtube.com/watch?v=HjzDuv31Gq8
University of Oregon vs. University of Pittsburgh--2019 College Championships,2019-05-24T21:44:41Z,https://www.youtube.com/watch?v=ckutmL50vRo
University of Colorado vs. University of Pittsburgh--2019 College Championships,2019-05-24T21:12:44Z,https://www.youtube.com/watch?v=icSGGY8lRFo
California-Santa Barbara vs. Ohio State University--2019 College Championships,2019-05-24T19:35:21Z,https://www.youtube.com/watch?v=GLk3czBt_3I
North Carolina State University vs. Brown University--2019 College Championships,2019-05-24T19:03:42Z,https://www.youtube.com/watch?v=ZnZG2e-gxcE
University of Minnesota vs.University of Georgia--2019 College Championships,2019-05-24T17:21:43Z,https://www.youtube.com/watch?v=Jweco4a4iDA
2019 Beach Championships,2019-05-20T17:30:13Z,https://www.youtube.com/watch?v=ZHIt2fGokkA
Oberlin College vs Bates College--Women's Final (2019 D-III College Championships),2019-05-19T21:16:33Z,https://www.youtube.com/watch?v=zWXcvp5psNI
Air Force vs Middlebury--Men's Final (2019 D-III College Championships),2019-05-19T19:45:38Z,https://www.youtube.com/watch?v=xQpObSbf-CE
STAR Webinar: Playing With Observers,2019-04-30T22:34:34Z,https://www.youtube.com/watch?v=yPTLZiKlMY4
2019 STAR Registration Webinar,2019-02-19T18:22:07Z,https://www.youtube.com/watch?v=KBYFpALP8aA
Pull Together,2019-02-05T20:03:13Z,https://www.youtube.com/watch?v=9rR8PtVeDes
Philadelphia AMP vs Seattle Mixtape--Mixed 2018 National Championship,2018-12-19T20:35:23Z,https://www.youtube.com/watch?v=NHm-6b0IUgA
Philadelphia AMP vs Washington D.C. Space Heater--Mixed Semi 2018 National Championships,2018-12-19T20:35:22Z,https://www.youtube.com/watch?v=Ac6ux2uzDOw
San Francisco Revolver vs Raleigh Ring of Fire--Men's Semi 2018 National Championships,2018-12-19T20:35:22Z,https://www.youtube.com/watch?v=SHSGjfpjsmI
Boston Brute Squad vs Denver Molly Brown--Women's Semi 2018 National Championships,2018-12-19T20:35:22Z,https://www.youtube.com/watch?v=ebFvbdWLcGE
New York PoNY vs San Francisco Revolver--Men's 2018 National Championship,2018-12-19T20:35:22Z,https://www.youtube.com/watch?v=gwoji3aw4bg
San Francisco Fury vs Seattle Riot--Women's Semi 2018 National Championships,2018-12-19T20:35:22Z,https://www.youtube.com/watch?v=qGW54EFGDIg
San Francisco Fury vs Boston Brute Squad--Women's 2018 National Championship,2018-12-19T20:35:21Z,https://www.youtube.com/watch?v=vIa0lVzShec
Minneapolis Drag'n Thrust vs Seattle Mixtape--2018 Mixed Pro Championship,2018-12-07T16:59:58Z,https://www.youtube.com/watch?v=Z1OpMSyfiKo
New York PoNY vs San Francisco Revolver--2018 Men's Pro Championship,2018-12-07T16:59:57Z,https://www.youtube.com/watch?v=BASMs-6eHxM
Boston Brute Squad vs Washington D.C. Scandal--2018 Women's Pro Championship,2018-12-07T16:59:57Z,https://www.youtube.com/watch?v=zSeSTvllEY8
Seattle BFG vs Philadelphia AMP--Mixed Final 2018 U.S. Open ICC Club Championships,2018-11-28T17:24:39Z,https://www.youtube.com/watch?v=egtE5rx886Y
San Francisco Revolver vs Minneapolis Sub Zero--Men's Semi 2018 U.S. Open ICC Club Championships,2018-11-28T17:24:38Z,https://www.youtube.com/watch?v=nRLElbDDPKc
Minneapolis Sub Zero vs New York PoNY--Men's Final 2018 U.S. Open ICC Club Championships,2018-11-28T17:24:38Z,https://www.youtube.com/watch?v=oK-_Cy7moF0
Denver Molly Brown vs Boston Brute Squad--Women's Semi 2018 U.S. Open ICC Club Championships,2018-11-28T17:24:38Z,https://www.youtube.com/watch?v=sHYvGnZf4MY
San Francisco Fury vs Boston Brute Squad--Women's Final 2018 U.S. Open ICC Club Championships,2018-11-28T17:24:37Z,https://www.youtube.com/watch?v=HPkyqqNZLhw
Raleigh Ring of Fire vs New York PoNY--Men's Semi 2018 U.S. Open ICC Club Championships,2018-11-28T17:24:37Z,https://www.youtube.com/watch?v=coQl9xza3HQ
Minneapolis Drag'n Thrust vs Philadelphia AMP--Mixed Semi 2018 U.S. Open ICC Club Championships,2018-11-28T17:24:37Z,https://www.youtube.com/watch?v=wlE3pjp_n30
Seattle Mixtape Bobble Goal--2018 National Championships,2018-11-28T17:13:34Z,https://www.youtube.com/watch?v=dcAXpTvWQ50
Washington D.C. Truck Stop Sky--2018 National Championships,2018-11-28T17:11:12Z,https://www.youtube.com/watch?v=hP-0b30qhho
Seattle Mixtape Toe the Line--2018 National Championships,2018-11-28T17:09:32Z,https://www.youtube.com/watch?v=TMTpu2HQ_Nc
San Francisco Polar Bears Layout Grab--2018 National Championships,2018-11-28T17:07:44Z,https://www.youtube.com/watch?v=xJ-9FNlen_o
Boston Snake Country Toe Line Goal--2018 National Championships,2018-11-09T20:38:39Z,https://www.youtube.com/watch?v=bLKZryZffqM
San Francisco Fury Sliding Grab--2018 National Championships,2018-11-09T20:35:32Z,https://www.youtube.com/watch?v=2uvhpRJqdJo
Chicago Machine Interception--2018 National Championships,2018-11-09T20:32:53Z,https://www.youtube.com/watch?v=wVJUjzKOzS0
Chicago Machine Saving Grab--2018 National Championships,2018-11-09T20:30:39Z,https://www.youtube.com/watch?v=jn6k9U5mBjc
PoNY New York vs Chicago Machine Back and Forth Action--2018 National Championships,2018-11-09T17:10:52Z,https://www.youtube.com/watch?v=8jAZbZOnMfU
Atlanta Ozone Snag Catch--2018 National Championships,2018-11-07T17:25:00Z,https://www.youtube.com/watch?v=3IAL58yWhrs
Washington D.C. Space Heater One Handed Goal--2018 National Championships,2018-11-07T17:15:55Z,https://www.youtube.com/watch?v=ooRwjZfagd4
Chicago Machine Trailing Goal--2018 National Championships,2018-11-07T17:13:42Z,https://www.youtube.com/watch?v=7AQ5-0rLuJ8
Raleigh Ring of Fire Sky Goal--2018 National Championships,2018-11-07T17:11:17Z,https://www.youtube.com/watch?v=MgFR3VxOE20
Boston Slow White Diving Goal--2018 National Championships,2018-11-07T17:09:10Z,https://www.youtube.com/watch?v=qRIUyZB_ddE
Boston DiG Layout Block--2018 National Championships,2018-11-07T17:06:02Z,https://www.youtube.com/watch?v=ib11O8RUsn4
Denver Molly Brown Elevated Goal--2018 National Championships,2018-11-07T17:00:52Z,https://www.youtube.com/watch?v=hpG37_iKbIU
Boston Brute Squad Barely In Bound Goal--2018 National Championships,2018-11-07T16:58:53Z,https://www.youtube.com/watch?v=tuThM9jq4D8
San Francisco Polar Bears Double Dive Goal--2018 National Championships,2018-11-07T16:51:44Z,https://www.youtube.com/watch?v=oLFiBlI1s0I
New York PoNY Layout--2018 National Championships,2018-11-06T18:47:02Z,https://www.youtube.com/watch?v=JiA6VizdQwE
San Francisco Fury Catch--2018 National Championships,2018-11-06T18:45:01Z,https://www.youtube.com/watch?v=DJxIIORzB7g
Philadelphia AMP Sky--2018 National Championships,2018-11-06T18:43:14Z,https://www.youtube.com/watch?v=nIBFJsU7h38
Boston Brute Squad Sky--2018 National Championships,2018-11-06T18:41:44Z,https://www.youtube.com/watch?v=UxDomzyxW0U
Philadelphia AMP Layout--2018 National Championships,2018-11-06T18:39:42Z,https://www.youtube.com/watch?v=74eUhvuQ06E
Philadelphia AMP Toe Drag--2018 National Championships,2018-11-06T18:36:27Z,https://www.youtube.com/watch?v=TGj0AST99rA
Columbus Rival Layout D--2018 National Championships,2018-11-06T18:32:53Z,https://www.youtube.com/watch?v=6-B_HqlJAaQ
Washington D.C. Truck Stop Sky Goal--2018 National Championships,2018-11-06T18:29:51Z,https://www.youtube.com/watch?v=UFcWf96Jkfo
San Francisco Fury Layout--2018 National Championships,2018-11-06T18:27:10Z,https://www.youtube.com/watch?v=YDnBFjb5SMQ
Revolver San Francisco Swipe--2018 National Championships,2018-11-06T18:25:19Z,https://www.youtube.com/watch?v=E6FVOct-MgU
Washington D.C. Space Heater Sky--2018 National Championships,2018-11-06T18:22:41Z,https://www.youtube.com/watch?v=Dek4zPVewok
Seattle Mixtape Huck--2018 National Championships,2018-11-06T18:20:12Z,https://www.youtube.com/watch?v=vX5czbTW7nQ
New York PoNY Huck--2018 National Championships,2018-11-06T18:17:56Z,https://www.youtube.com/watch?v=on6dEtEENeU
2018 National Championship Highlights presented by VC Ultimate,2018-11-03T05:52:28Z,https://www.youtube.com/watch?v=aB1vCnWFi3w
Top Offensive Plays--2018 National Championships,2018-11-02T18:21:05Z,https://www.youtube.com/watch?v=E6IALdr_zFU
Toe the Line Goal--2018 National Championships,2018-11-01T17:51:23Z,https://www.youtube.com/watch?v=2WMcaB75Ss0
Top Defensive Plays--2018 National Championships,2018-11-01T17:27:51Z,https://www.youtube.com/watch?v=as2Vc0NTPe0
Portland Schwa--2018 National Championships,2018-10-24T18:52:38Z,https://www.youtube.com/watch?v=6IhImiqung8
San Francisco Revolver Block--2018 National Championships,2018-10-24T18:14:24Z,https://www.youtube.com/watch?v=AK7vA1-aFMY
Top 10 Plays From Day 1 National Championships,2018-10-24T18:07:33Z,https://www.youtube.com/watch?v=giAmnRhADWE
Raleigh Ring of Fire Huck--2018 National Championships,2018-10-24T17:59:55Z,https://www.youtube.com/watch?v=MFUKf_tkn9Y
Washington D.C. Scandal Sky--2018 National Championships,2018-10-24T17:48:06Z,https://www.youtube.com/watch?v=JAWgcCizTws
San Francisco Blackbird Layout--2018 National Championships,2018-10-24T17:46:41Z,https://www.youtube.com/watch?v=sYJOXTuK4a8
Seattle Mixtape Toe Tap--2018 National Championships,2018-10-24T17:42:51Z,https://www.youtube.com/watch?v=329L3NPs6x8
Austin Doublewide Huck and Roll--2018 National Championships,2018-10-24T17:37:55Z,https://www.youtube.com/watch?v=36sUQRargt4
Durham Toro Layout--2018 National Championships,2018-10-24T16:41:42Z,https://www.youtube.com/watch?v=bvLSGFa9Eew
Vancouver Traffic Turf Save--2018 National Championships,2018-10-24T16:38:25Z,https://www.youtube.com/watch?v=SOS-YIeKHPM
Seattle BFG Toe Drag--2018 National Championships,2018-10-24T16:29:05Z,https://www.youtube.com/watch?v=sRJeqWIcKlM
Molly Brown Block--2018 National Championships,2018-10-24T16:23:41Z,https://www.youtube.com/watch?v=r9jN1rXNVoY
Chicago Machine Layout D--2018 National Championships,2018-10-24T15:51:18Z,https://www.youtube.com/watch?v=M7TlSxh0rFc
New York PoNY vs Seattle Sockeye--2018 National Championships,2018-10-20T19:33:47Z,https://www.youtube.com/watch?v=ZhowBaL8_d0
Boston Snake Country vs Seattle Mixtape--2018 National Championships,2018-10-20T19:33:44Z,https://www.youtube.com/watch?v=0TD01Ecpdts
Day 2 Full Livestream--2018 National Championships,2018-10-20T02:36:10Z,https://www.youtube.com/watch?v=BS5bTZwBy80
Day 2 Full Livestream--2018 National Championships,2018-10-20T02:32:31Z,https://www.youtube.com/watch?v=kX1i3xUP0Og
San Francisco Mischief vs Boston Snake Country--2018 National Championships,2018-10-19T20:33:24Z,https://www.youtube.com/watch?v=fDIlTGLYXMQ
Atlanta Ozone vs Denver Molly Brown--2018 National Championships,2018-10-19T20:32:48Z,https://www.youtube.com/watch?v=caKApvsE7HI
Boston DiG vs Washington D.C. Truck Stop--2018 National Championships,2018-10-19T17:43:05Z,https://www.youtube.com/watch?v=qRTyqmtMW1k
San Francisco Polar Bears vs Seattle Mixtape--2018 National Championships,2018-10-19T17:41:52Z,https://www.youtube.com/watch?v=zZA4ZIgQ-6I
2018 National Championships: Day 2 Full Livestream,2018-10-19T06:56:00Z,https://www.youtube.com/watch?v=MdyQilyiYe0
2018 National Championships: Day 1 Full Livestream,2018-10-19T06:23:32Z,https://www.youtube.com/watch?v=mZlRSaxHAss
Washington D.C. Space Heater vs Seattle Mixtape--2018 National Championships,2018-10-19T04:05:40Z,https://www.youtube.com/watch?v=a_Gjs4mNjQg
Fort Collins Shame vs San Francisco Polar Bears--2018 National Championships,2018-10-18T22:10:39Z,https://www.youtube.com/watch?v=VyiXckNiR9A
San Francisco Nightlock vs Boston Brute Squad--2018 National Championships,2018-10-18T22:05:41Z,https://www.youtube.com/watch?v=0Qc99VoDF3Y
Toronto 6ixers vs Vancouver Traffic--2018 National Championships,2018-10-18T20:03:03Z,https://www.youtube.com/watch?v=jwYRysfXnbo
Pittsburgh Temper vs Boston DiG--2018 National Championships,2018-10-18T19:57:39Z,https://www.youtube.com/watch?v=bAT7OvMrjjk
Boston Slow White vs Seattle BFG--2018 National Championships,2018-10-18T18:22:02Z,https://www.youtube.com/watch?v=Fy4fsjZfpMs
Chicago Machine vs Raleigh Ring of Fire--2018 National Championships,2018-10-18T18:12:36Z,https://www.youtube.com/watch?v=SQXx2fxQQx8
2018 STAR Webinar: D-III Division,2018-09-25T22:46:44Z,https://www.youtube.com/watch?v=5Y-5NEOZjg0
2018 STAR Webinar: Developmental Division,2018-09-25T22:46:44Z,https://www.youtube.com/watch?v=6k_UIGhBJOM
2018 STAR Webinar: Women's Division,2018-09-25T22:46:44Z,https://www.youtube.com/watch?v=QoRAGsH_9-A
2018 STAR Webinar: Playing with Observers,2018-09-25T22:46:44Z,https://www.youtube.com/watch?v=ZonymwyU9OE
Top 11 Plays From 2018 College Championships Streams,2018-09-21T21:48:33Z,https://www.youtube.com/watch?v=875z24eBT4Y
Day 3 Highlights--2018 Pro Championships,2018-09-21T21:40:50Z,https://www.youtube.com/watch?v=m9xwx9yrFF4
Day 2 Highlights--2018 Pro Championships,2018-09-21T21:34:26Z,https://www.youtube.com/watch?v=B6UiwvRPWuA
Day 1 Highlights--2018 Pro Championships,2018-09-21T21:30:55Z,https://www.youtube.com/watch?v=SEGhkLR9z3I
Grit & Grace,2018-09-04T03:51:44Z,https://www.youtube.com/watch?v=dbTA1AWiv6Q
Watch the 2018 U.S. Open Club Championships LIVE from Minnesota!,2018-08-07T01:26:07Z,https://www.youtube.com/watch?v=3OT6NL0PjvA
Watch the 2018 U.S. Open Club Championships LIVE from Minnesota!,2018-08-06T23:45:00Z,https://www.youtube.com/watch?v=IW0SQwKxtRQ
2018 U.S. Open Club Championships: YCC San Diego Powerline vs Seattle Bankroll,2018-08-06T21:58:15Z,https://www.youtube.com/watch?v=zQEoGDQUFio
2018 U.S. Open Club Championships: YCC D.C. Rogue vs Triangle Warhawks,2018-08-06T21:51:44Z,https://www.youtube.com/watch?v=fjqozIkvRE8
2018 U.S. Open Club Championships: YCC California Current vs D.C. Rogue,2018-08-06T17:53:00Z,https://www.youtube.com/watch?v=24We0YAX4AA
2018 U.S. Open Club Championships: YCC Seattle Supreme vs Triangle Triforce,2018-08-06T17:44:38Z,https://www.youtube.com/watch?v=8Y71lpz3ip4
2018 U.S. Open Club Championships: YCC Vermont Equinox vs Madison MUFAbots,2018-08-06T15:28:28Z,https://www.youtube.com/watch?v=XpK0dAaubP8
2018 U.S. Open Club Championships: YCC Bay Area Red Dawn vs Texas Two Step,2018-08-06T15:13:54Z,https://www.youtube.com/watch?v=mYDmQMOrXTw
Watch the 2018 U.S. Open Club Championships LIVE from Minnesota!,2018-08-06T00:31:46Z,https://www.youtube.com/watch?v=S5L224KrGtc
Watch the 2018 U.S. Open Club Championships LIVE from Minnesota!,2018-08-06T00:13:53Z,https://www.youtube.com/watch?v=vShMVTIZZKc
2018 U.S. Open Club Championships: YCC Cincinnati Belle vs D.C. Rogue,2018-08-05T22:54:08Z,https://www.youtube.com/watch?v=3eUva2tl2nw
2018 U.S. Open Club Championships: YCC Boston BUDA vs Triangle Triforce,2018-08-05T22:46:32Z,https://www.youtube.com/watch?v=nXG5gRw8QYg
2018 U.S. Open Club Championships: YCC Atlanta ATLiens vs Illinois Youth Ultimate,2018-08-05T20:59:15Z,https://www.youtube.com/watch?v=BtSzLpeJcY4
2018 U.S. Open Club Championships: YCC Seattle Sauce vs D.C. Rogue,2018-08-05T20:36:59Z,https://www.youtube.com/watch?v=QQwDHWNqGcg
2018 U.S. Open Club Championships: YCC Oregon Flood and D.C. Swing Vote,2018-08-05T18:12:10Z,https://www.youtube.com/watch?v=-iI6hUGjzzQ
2018 U.S. Open Club Championships: YCC Texas Tango and Minneapolis Superior,2018-08-05T17:48:27Z,https://www.youtube.com/watch?v=r9KZvbFyazM
US Open 2018: Fury v. Scandal,2018-08-05T16:39:09Z,https://www.youtube.com/watch?v=qyoMvPR9Is4
2018 U.S. Open Club Championships: YCC Minneapolis Superior and Bay Area Happy Cows,2018-08-05T15:30:52Z,https://www.youtube.com/watch?v=n0_3ys7JkGo
2018 U.S. Open Club Championships: YCC Atlanta cATLanta and Denver Cutthroat,2018-08-05T15:22:57Z,https://www.youtube.com/watch?v=WiW0TSVUPzc
Watch the 2018 U.S. Open Club Championships LIVE from Minnesota!,2018-08-05T01:00:39Z,https://www.youtube.com/watch?v=b5TDKJDAQiI
Watch the 2018 U.S. Open Club Championships LIVE from Minnesota!,2018-08-05T00:30:34Z,https://www.youtube.com/watch?v=JeoDJq6BRXg
2018 USOCC Mixed Semifinal: Seattle BFG vs Boston Slow White,2018-08-04T22:44:46Z,https://www.youtube.com/watch?v=uHzt-22W6qI
2018 U.S. Open Club Championships: YCC Columbus Sabers vs Portland Rising Tide,2018-08-04T22:08:38Z,https://www.youtube.com/watch?v=wLwu-p7mZaM
2018 U.S. Open Club Championships: YCC Madison MUFAbots vs San Diego Powerline,2018-08-04T22:06:26Z,https://www.youtube.com/watch?v=9Rgl_EBHkrU
2018 U.S. Open Club Championships: YCC D.C. Foggy Bottom Boys vs Seattle Supreme,2018-08-04T20:25:01Z,https://www.youtube.com/watch?v=1ByBoN43SE0
2018 U.S. Open Club Championships: YCC Atlanta ATLiens vs Boston BUDA,2018-08-04T19:54:52Z,https://www.youtube.com/watch?v=o7GliBns7rs
2018 U.S. Open Club Championships: ICC Minneapolis Drag'n Thrust vs Seattle BFG,2018-08-04T17:58:23Z,https://www.youtube.com/watch?v=03j_VzPU4hs
2018 U.S. Open Club Championships: ICC Denver Love Tractor vs Boston Slow White,2018-08-04T17:36:55Z,https://www.youtube.com/watch?v=_flArGgd_dM
Watch the 2018 U.S. Open Club Championships LIVE from Minnesota!,2018-08-04T07:11:54Z,https://www.youtube.com/watch?v=c14lHIv2-Uc
Watch the 2018 U.S. Open Club Championships LIVE from Minnesota!,2018-08-04T05:58:54Z,https://www.youtube.com/watch?v=Xcyqp_w7CQU
2018 U.S. Open Club Championships: ICC Tokyo Buzz Bullets vs San Francisco Revolver,2018-08-03T22:06:24Z,https://www.youtube.com/watch?v=1rXJAQLwPSA
2018 U.S. Open Club Championships: ICC Denver Molly Brown vs San Francisco Fury,2018-08-03T22:05:10Z,https://www.youtube.com/watch?v=b7FQ0x4bFT8
2018 U.S. Open Club Championships: ICC Germany vs Seattle BFG,2018-08-03T20:12:28Z,https://www.youtube.com/watch?v=xWo-OgFmpJo
2018 U.S. Open Club Championships: ICC Columbus Rival vs Atlanta Ozone,2018-08-03T19:29:46Z,https://www.youtube.com/watch?v=nYlAHWQcJyo
2018 College Championships: Women's Semi Dartmouth vs Stanford,2018-07-31T16:17:35Z,https://www.youtube.com/watch?v=QDwYZ8CLzqM
2018 College Championships: Women's Semi Colorado vs Pitt,2018-07-31T16:17:35Z,https://www.youtube.com/watch?v=TMGd-htXOfo
2018 College Championships: Men's Semi UNC vs Oregon,2018-07-31T16:17:35Z,https://www.youtube.com/watch?v=dQh3lZsCtIw
2018 College Championships: Men's Semi Pitt vs Carleton College,2018-07-31T16:17:35Z,https://www.youtube.com/watch?v=uVjhYE4GgAU
2018 College Championships: Women's Final Dartmouth vs Colorado,2018-07-31T16:17:35Z,https://www.youtube.com/watch?v=ueKuR8cBcjE
2018 College Championships: Men's Final UNC vs Pitt,2018-07-31T16:17:34Z,https://www.youtube.com/watch?v=JSJ-ff6siqw
2018 Pro-Elite Challenge: Mixed Final Denver vs Fort Collins,2018-07-08T21:47:51Z,https://www.youtube.com/watch?v=uOlDWQHupQI
2018 Pro-Elite Challenge: Men's Final Denver vs Pittsburgh,2018-07-08T20:01:27Z,https://www.youtube.com/watch?v=yW63_-xS2kc
2018 Pro-Elite Challenge: Women's Semifinal Denver vs D.C.,2018-07-08T18:02:31Z,https://www.youtube.com/watch?v=I5HyHSYh4Qk
2018 College Championships,2018-07-05T19:54:33Z,https://www.youtube.com/watch?v=oqI0DKlWEBc
2018 College Championships: Layout Catch,2018-06-13T22:46:51Z,https://www.youtube.com/watch?v=UvxIgGaSJgw
2018 College Championships: Layout Score,2018-06-13T22:44:43Z,https://www.youtube.com/watch?v=UV70mH14dj4
2018 College Championships: Block,2018-06-13T22:41:08Z,https://www.youtube.com/watch?v=nmZ2q0OlidE
2018 College Championships: Sky Goal,2018-06-13T22:40:53Z,https://www.youtube.com/watch?v=UtvXekyMKgw
2018 College Championships: Double Game Point,2018-06-13T22:38:22Z,https://www.youtube.com/watch?v=-Js4W4zWJJo
2018 College Championships: Layout D,2018-06-13T22:31:06Z,https://www.youtube.com/watch?v=V_TONED1iaw
2018 College Championships: Layout Goal,2018-06-13T22:21:20Z,https://www.youtube.com/watch?v=eGyry12cWC8
2018 College Championships: Sky,2018-06-13T22:18:40Z,https://www.youtube.com/watch?v=MUNsvUf3Gh0
2018 College Championships: Men's Final Goal,2018-06-13T21:22:06Z,https://www.youtube.com/watch?v=JTEyQu1svQs
2018 College Championships: Women's Final Goal,2018-06-13T21:19:35Z,https://www.youtube.com/watch?v=UiI6Qu8r3lw
2018 College Championships: Break Point,2018-06-13T19:45:08Z,https://www.youtube.com/watch?v=UFozq29TgfI
2018 College Championships: Layout Game Winner,2018-06-13T19:41:35Z,https://www.youtube.com/watch?v=DoMgqX5tevM
2018 College Championships: Huck Score,2018-06-13T19:38:40Z,https://www.youtube.com/watch?v=K5A7iZ6D7II
2018 College Championships: Interception,2018-06-13T19:25:02Z,https://www.youtube.com/watch?v=NCxK3qQ2zIk
2018 College Championships Women's Quarter: University of Oregon vs University of Pittsburgh,2018-05-27T14:55:37Z,https://www.youtube.com/watch?v=jKT6eoImjzo
2018 College Championships Men's Pre-Quarter: UMass vs University of Washington,2018-05-26T23:58:53Z,https://www.youtube.com/watch?v=8619sKv6f5I
2018 College Championships: University of Wisconsin vs University of Georgia,2018-05-26T21:23:31Z,https://www.youtube.com/watch?v=Z6AbwAKGhGw
2018 College Championships: Ohio State University vs University of Oregon,2018-05-26T19:12:39Z,https://www.youtube.com/watch?v=OuyP-tY506k
2018 College Championships: University of Pittsburgh vs University of North Carolina,2018-05-26T17:24:17Z,https://www.youtube.com/watch?v=_SdV8caftNs
2018 College Championships: University of Pittsburgh vs Brown University,2018-05-26T15:42:25Z,https://www.youtube.com/watch?v=qSzh3p74mFk
2018 College Championships: University of Oregon vs Stanford University,2018-05-25T23:27:08Z,https://www.youtube.com/watch?v=vUpN53SdjFs
2018 College Championships: University of Georgia vs University of Oregon,2018-05-25T21:10:36Z,https://www.youtube.com/watch?v=PEq8gGupTVA
2018 College Championships: Western Washington vs Carleton College,2018-05-25T19:14:49Z,https://www.youtube.com/watch?v=f6rbkqp4eUo
2018 College Championships: University of Massachusetts vs Carleton College,2018-05-25T17:14:28Z,https://www.youtube.com/watch?v=ltWtfjXUuYY
2018 D-I USAU College Championships: Michigan vs UCSD,2018-05-25T15:25:24Z,https://www.youtube.com/watch?v=7xyhB2_g_-M
2018 Beach Nationals,2018-05-24T17:19:56Z,https://www.youtube.com/watch?v=Bv-Ujv1_MqE
2018 D-III College Championships Highlights,2018-05-23T17:35:26Z,https://www.youtube.com/watch?v=XBxqNoQ_dOE
2018 D-III College Championships Women's Final: St. Olaf vs Bates,2018-05-20T21:25:29Z,https://www.youtube.com/watch?v=vJNjacuHRU8
2018 D-III College Championships Men's Semifinal: Air Force vs Middlebury,2018-05-20T19:51:36Z,https://www.youtube.com/watch?v=mDxsvo6bp1U
Live Ultimate: Trent Dillon,2018-04-13T19:14:09Z,https://www.youtube.com/watch?v=N6MqhGind_c
Girls + Ultimate,2018-03-01T18:45:59Z,https://www.youtube.com/watch?v=NAH_rOuVfME
USA Ultimate Strategic Plan 2019-21 Survey,2018-02-24T17:38:14Z,https://www.youtube.com/watch?v=Ijs4q4WO5Ds
2017 National Championships: Mixed Final Philly vs Seattle,2018-01-05T20:48:30Z,https://www.youtube.com/watch?v=G3B_eWTQeSA
2017 National Championships: Men's Semi San Francisco vs Raleigh,2018-01-05T20:48:30Z,https://www.youtube.com/watch?v=X4YJdJ_-4UY
2017 National Championships: Women's Final San Francisco vs Boston,2018-01-05T20:48:29Z,https://www.youtube.com/watch?v=L51qK8_Nhvo
2017 National Championships: Men's Final San Francisco vs Austin,2018-01-05T20:48:29Z,https://www.youtube.com/watch?v=RJm2Kj-Kapc
2017 National Championships: Women's Semi Boston vs Denver,2018-01-05T20:48:29Z,https://www.youtube.com/watch?v=WrECl19e6WA
2017 National Championships: Mixed Semi Philly vs Seattle,2018-01-05T20:48:28Z,https://www.youtube.com/watch?v=2FHhxA4NHgM
2017 National Championships: Mixed Semi Seattle vs Boston,2018-01-05T20:48:28Z,https://www.youtube.com/watch?v=xoMl4RtYnTA
Best Photos of 2017,2017-12-31T22:07:07Z,https://www.youtube.com/watch?v=BqFvu8U9SU8
2017 College Championships: Women's Top Offensive Plays,2017-12-21T18:53:20Z,https://www.youtube.com/watch?v=u5kGtFuBAxc
2017 College Championships: Women's Top Defensive Plays,2017-12-19T21:06:55Z,https://www.youtube.com/watch?v=Ita4iB4jY70
2017 U.S. Open Club Championships: Men's Semi San Francisco vs Denver,2017-12-19T21:06:30Z,https://www.youtube.com/watch?v=1Rv6DKlXqOY
2017 Pro Championships: Women's Final Seattle vs Boston,2017-12-19T21:06:30Z,https://www.youtube.com/watch?v=4U6PiTkNj6M
2017 College Championships: Men's Semi UNC-Wilmington vs UNC,2017-12-19T21:06:30Z,https://www.youtube.com/watch?v=79-DIy3ifqg
2017 U.S. Open Club Championships: Women's Semi Colombia vs Seattle,2017-12-19T21:06:30Z,https://www.youtube.com/watch?v=8agSIZkn9nk
2017 College Championships: Men's Final Carleton vs UNC-Wilmington,2017-12-19T21:06:30Z,https://www.youtube.com/watch?v=FQoAIVfHzuQ
2017 U.S. Open Club Championships: Mixed Semi Minneapolis vs Boston,2017-12-19T21:06:30Z,https://www.youtube.com/watch?v=NPQIARIM2J8
2017 College Championships: Women's Semi Texas vs Colorado,2017-12-19T21:06:30Z,https://www.youtube.com/watch?v=OB34wpixgI8
2017 Pro Championships: Men's Final San Francisco vs Chicago,2017-12-19T21:06:30Z,https://www.youtube.com/watch?v=gGnwDjZURzQ
2017 College Championships: Women's Semi Dartmouth vs UBC,2017-12-19T21:06:30Z,https://www.youtube.com/watch?v=nazpu4EjGlM
2017 U.S. Open Club Championships: Women's Final Colombia vs Denver,2017-12-19T21:06:30Z,https://www.youtube.com/watch?v=unUqm3Inwd0
2017 College Championships: Men's Semi Carleton vs UMass,2017-12-19T21:06:30Z,https://www.youtube.com/watch?v=w3Abt4ZWZ3o
2017 U.S. Open Club Championships: Mixed Final Seattle vs Minneapolis,2017-12-19T21:06:30Z,https://www.youtube.com/watch?v=wiQMCVH7DzU
2017 U.S. Open Club Championships: Men's Final Seattle vs San Francisco,2017-12-19T21:06:29Z,https://www.youtube.com/watch?v=4dtUsvXk428
2017 College Championships: Women's Final Dartmouth vs Texas,2017-12-19T21:06:29Z,https://www.youtube.com/watch?v=Eh7A5dRMwaA
2017 U.S. Open Club Championships: Women's Semi Denver vs San Francisco,2017-12-19T21:06:29Z,https://www.youtube.com/watch?v=TcA53S_MkMY
2017 Pro Championships: Mixed Final Seattle vs San Francisco,2017-12-19T21:06:29Z,https://www.youtube.com/watch?v=g_LtIJiUlFA
U.S. Open Club Championships: Mixed ICC & YCC Offensive Plays,2017-12-15T17:15:04Z,https://www.youtube.com/watch?v=R-ScrfDhjEk
U.S Open Club Championships: Women's & Girls' Defensive Plays,2017-12-13T18:50:19Z,https://www.youtube.com/watch?v=StlN7U1RmQ8
U.S Open Club Championships: Women's & Girls' Offensive Plays,2017-12-13T18:39:42Z,https://www.youtube.com/watch?v=4ZA9YrFwk_4
2017 National Championships Mixed Final Recap,2017-11-09T21:31:41Z,https://www.youtube.com/watch?v=bbLID57-PVg
2017 National Championships Men's Final Recap,2017-11-09T17:09:05Z,https://www.youtube.com/watch?v=zjWxpBl0AIE
2017 National Championships Women's Final Recap,2017-11-08T17:15:03Z,https://www.youtube.com/watch?v=BE9pmzU079c
2017 College Championships: UCLA BLU,2017-09-29T22:34:34Z,https://www.youtube.com/watch?v=esKiMGs5q8c
2017 College Championships: University of Virginia Hydra,2017-09-26T20:21:54Z,https://www.youtube.com/watch?v=FJ8ciBtsG0M
2017 College Championships: Stanford Superfly,2017-09-13T19:40:03Z,https://www.youtube.com/watch?v=HU2wnaj0dlY
2017 Pro Championships: Mixed Final Recap,2017-09-12T18:14:22Z,https://www.youtube.com/watch?v=bORdpR_zz20
2017 Pro Championships: Men's Final Recap,2017-09-08T14:31:59Z,https://www.youtube.com/watch?v=3gDcYfMMnmE
2017 Pro Championships:  Women's Final Recap,2017-09-07T20:27:09Z,https://www.youtube.com/watch?v=-2aZ1MGwuvY
2017 College Championships: University of Oregon Fugue,2017-08-28T21:21:08Z,https://www.youtube.com/watch?v=e-kU8bGPM9E
2017 College Championships: Dartmouth Princess Layout,2017-08-28T19:17:46Z,https://www.youtube.com/watch?v=NIk_bko6fPA
2017 U.S. Open Club Championships: Revolution Ultimate Makes SportsCenter Top 10,2017-08-27T03:12:29Z,https://www.youtube.com/watch?v=t6MaAbKWjAE
2017 U.S. Open Club Championships: ICC Semifinals Highlights,2017-08-26T22:43:25Z,https://www.youtube.com/watch?v=WYxCBWX5jVY
2017 College Championships: Texas Melee,2017-08-17T17:27:37Z,https://www.youtube.com/watch?v=EgCQHF0fuqc
2017 U.S. Open Club Championships: ICC Finals Highlights,2017-08-16T21:59:18Z,https://www.youtube.com/watch?v=G6PQ-1rXyNQ
#LiveUltimate,2017-08-07T00:55:08Z,https://www.youtube.com/watch?v=KixMbFkrPIM
Are You Ready to Make History Again?,2017-08-03T17:10:03Z,https://www.youtube.com/watch?v=W9rTSJLWTSU
2017 College Championships: Colorado Kali,2017-07-26T21:26:44Z,https://www.youtube.com/watch?v=ubgx86PjLHY
2017 Potlatch Exhibition Game: USA v. Canada,2017-07-26T20:48:10Z,https://www.youtube.com/watch?v=wXL_ZYEiLS4
USA's Georgia Bosscher Goes All Out for Score,2017-07-26T20:21:12Z,https://www.youtube.com/watch?v=xZ1X-VTDr4I
USA's Chris Kocher Does Big Lay Out for Goal,2017-07-25T21:38:38Z,https://www.youtube.com/watch?v=9VzzZ_Q3rkw
USA's Sarah Griffith Makes Incredible Catch,2017-07-25T19:10:30Z,https://www.youtube.com/watch?v=3DsqvN1TJeQ
2017 College Championships: UBC Thunderbirds,2017-07-24T23:04:02Z,https://www.youtube.com/watch?v=DjlFY7-YKWg
Inside Out: Beau Kittredge,2017-07-21T18:09:38Z,https://www.youtube.com/watch?v=y0brA-Mh238
40 Yards with Beau Kittredge,2017-07-20T20:09:13Z,https://www.youtube.com/watch?v=iJt_7RBDLpk
Thank You From the Team!,2017-07-20T18:56:05Z,https://www.youtube.com/watch?v=udyUsfnxxD0
Inside Out: Sarah Griffith,2017-07-19T20:32:00Z,https://www.youtube.com/watch?v=sj-ckOkvukA
Inside Out: Sandy Jorgensen,2017-07-18T19:27:40Z,https://www.youtube.com/watch?v=6sJ3a1gtz7I
Inside Out: Joel Schlachet,2017-07-13T14:44:31Z,https://www.youtube.com/watch?v=NpPX7ikyBUo
Inside Out: Jimmy Mickle,2017-07-11T23:14:24Z,https://www.youtube.com/watch?v=eydwHei2lR4
Inside Out: Lien Hoffmann,2017-07-11T19:11:06Z,https://www.youtube.com/watch?v=gOtu1W0_oew
Inside Out: Claire Desmond,2017-07-10T21:44:37Z,https://www.youtube.com/watch?v=nT5hmvv1Wzw
Inside Out: Nick Stuart,2017-06-29T20:19:38Z,https://www.youtube.com/watch?v=XB1E5G4j_-Y
U.S. World Games Team Practice- San Francisco,2017-06-28T17:32:10Z,https://www.youtube.com/watch?v=OqBo-CCf5Gw
Inside Out: Ashlin Joye,2017-06-26T22:51:56Z,https://www.youtube.com/watch?v=naxxUG7Eg8I
Inside Out: Octavia Payne,2017-06-22T21:46:15Z,https://www.youtube.com/watch?v=5js_lNqMKh8
Inside Out: Georgia Bosscher,2017-06-16T19:20:10Z,https://www.youtube.com/watch?v=6qHbrhoeBYo
Inside Out: Nicky Spiva,2017-06-14T22:31:37Z,https://www.youtube.com/watch?v=VrnZco4Akzc
Inside Out: Dylan Freechild,2017-06-08T21:23:23Z,https://www.youtube.com/watch?v=-pRjYWk8gAY
40 Yards with Georgia Bosscher,2017-06-07T23:16:33Z,https://www.youtube.com/watch?v=DBzL0_H877k
Inside Out: Carolyn Finney,2017-06-06T21:59:47Z,https://www.youtube.com/watch?v=fRJE1V6goV4
Inside Out: Anna Nazarov,2017-06-05T16:47:11Z,https://www.youtube.com/watch?v=sarajI0akeE
Inside Out: Chris Kocher,2017-05-31T17:39:17Z,https://www.youtube.com/watch?v=AsHQ3ZVeQ4M
Jaclyn Verzuh Trailing-Edge Layout Catch,2017-05-30T19:19:03Z,https://www.youtube.com/watch?v=RlYQE6JMTQA
Are You Ready for the 2017 Women's College Championship Final?,2017-05-29T21:42:58Z,https://www.youtube.com/watch?v=7-IU8loumbk
Are You Ready for the 2017 Men's College Championship Final?,2017-05-29T21:42:51Z,https://www.youtube.com/watch?v=2lKl5lxt-lI
2017 Women's Callahan Winner: Angela Zhu,2017-05-28T19:29:33Z,https://www.youtube.com/watch?v=f4k4UoifVAo
University of California-Berkeley Pie Queens: Alison Griffith,2017-05-28T16:26:05Z,https://www.youtube.com/watch?v=7VMw4sib1A0
Brandi Skanes Defensive Block,2017-05-27T22:49:31Z,https://www.youtube.com/watch?v=XVEI9RcYnpI
College Championships Day 1 Sizzle: Reel A,2017-05-27T19:00:56Z,https://www.youtube.com/watch?v=wTdNGVyGTQQ
College Championships Day 1 Sizzle: Reel B,2017-05-27T19:00:55Z,https://www.youtube.com/watch?v=6Vb4rYUioqg
College Championships Day 1 Sizzle: Reel C,2017-05-27T19:00:55Z,https://www.youtube.com/watch?v=yR60nvN_8Fc
2017 College Nationals Round 3 Highlight: UC-Berkeley v. UNC,2017-05-27T04:42:03Z,https://www.youtube.com/watch?v=KBYzYNKEnX8
Jackelyne Nguyen Lay Out Score,2017-05-27T04:41:38Z,https://www.youtube.com/watch?v=RBSfIj7XTd8
2017 College Nationals Round 1 Highlight: Delaware vs. Dartmouth,2017-05-26T16:54:34Z,https://www.youtube.com/watch?v=AnH9FGNu5n4
Inside Out: George Stubbs,2017-05-25T20:25:29Z,https://www.youtube.com/watch?v=BCBPalwOyik
Inside Out: Claire Chastain,2017-05-24T21:00:12Z,https://www.youtube.com/watch?v=YA3oBcnY7oY
U.S. National Team: Get Ready for College Championships,2017-05-19T21:51:26Z,https://www.youtube.com/watch?v=p_Yr7_dRizA
Inside Out: Kami Groom,2017-05-18T23:17:32Z,https://www.youtube.com/watch?v=Z8Q61mE4R6A
Inside Out: Grant Lindsley,2017-05-17T19:08:32Z,https://www.youtube.com/watch?v=V0J3zZKStoQ
Why Does Dylan Freechild Wear Number 5?,2017-05-16T19:25:25Z,https://www.youtube.com/watch?v=CrB3WkC_HO4
How Did the U.S. National Team Choose Their Numbers?,2017-05-15T22:46:44Z,https://www.youtube.com/watch?v=iIBM7GlyR1w
Women's Coverage is Back!,2017-05-10T20:02:44Z,https://www.youtube.com/watch?v=gLqs8lsUcpw
USA Ultimate Vision Tour: Pittsburgh,2017-05-05T21:32:47Z,https://www.youtube.com/watch?v=Lk4L0S5aWyI
USA Ultimate Vision Tour: D.C.,2017-05-05T21:32:47Z,https://www.youtube.com/watch?v=nxwsUy0WlPA
USA Ultimate Vision Tour: Denver,2017-05-05T21:32:46Z,https://www.youtube.com/watch?v=94E2aqz5J7M
USA Ultimate Vision Tour: Chicago,2017-05-05T21:32:46Z,https://www.youtube.com/watch?v=e4s4jvT5lnc
USA Ultimate Vision Tour: Minneapolis,2017-05-05T21:32:46Z,https://www.youtube.com/watch?v=kbUJoU1UKRA
USA Ultimate Vision Tour: Seattle,2017-05-05T21:32:46Z,https://www.youtube.com/watch?v=rZ4jjWlbIjo
USA Ultimate Vision Tour: Raleigh-Durham N.C.,2017-05-05T21:32:45Z,https://www.youtube.com/watch?v=WH8viFli7RE
USA Ultimate Vision Tour: Oakland,2017-05-05T21:32:45Z,https://www.youtube.com/watch?v=fhg1WMwgzgY
USA Ultimate Vision Tour: Atlanta,2017-05-05T21:32:45Z,https://www.youtube.com/watch?v=mvI4LrkGxfA
2017 USA Ultimate Beach Westerns Women's Final,2017-05-03T20:09:47Z,https://www.youtube.com/watch?v=OmeqJjKDly4
2017 USA Ultimate Beach Westerns Mixed Final,2017-05-03T20:09:33Z,https://www.youtube.com/watch?v=jvbsIis_2D4
40 Yards with the U.S. National Team: Dylan Freechild,2017-05-02T18:13:52Z,https://www.youtube.com/watch?v=RfoYLfMlZV4
2017 U.S. World Games Practice- Colorado Springs,2017-04-21T16:16:00Z,https://www.youtube.com/watch?v=VUSlLMeNVkY
Flatball- A History of Ultimate: Game Change Outtake,2017-04-20T23:19:26Z,https://www.youtube.com/watch?v=Tkx6AeAPhJo
40 Yards with the U.S. National Team: Claire Desmond,2017-04-19T21:15:11Z,https://www.youtube.com/watch?v=m2wogIJxEOE
Flatball- A History of Ultimate: College Outtake,2017-04-05T20:50:06Z,https://www.youtube.com/watch?v=O7-5umPI33k
Flatball- A History of Ultimate: World Games Outtake,2017-03-15T17:03:48Z,https://www.youtube.com/watch?v=hM7OtdE_zJY
Riot v. Fury  (2008 Club Championships - Women's Final),2017-02-08T21:18:37Z,https://www.youtube.com/watch?v=X2kZCyuGkTI
Brute Squad v. Molly Brown (2016 Nationals - women's semi),2016-11-10T00:10:42Z,https://www.youtube.com/watch?v=Ry0qBWPmBYw
Revolver v. Ring of Fire (2016 Nationals - men's semi),2016-11-10T00:10:06Z,https://www.youtube.com/watch?v=AqIkvKHssmY
Ironside v. Johnny Bravo (2016 Nationals - men's semi),2016-11-10T00:09:47Z,https://www.youtube.com/watch?v=Kjpo2crdJ2g
Slow White v. Metro North (2016 Nationals - mixed final),2016-11-10T00:09:22Z,https://www.youtube.com/watch?v=-Jty8Tf-acc
Brute Squad v. Riot (2016 Nationals - women's final),2016-11-10T00:08:59Z,https://www.youtube.com/watch?v=0FZV4JahvjQ
Slow White v. Drag'n Thrust (2016 Nationals - mixed semi),2016-11-10T00:08:19Z,https://www.youtube.com/watch?v=uVKCzSR1VCo
Revolver v. Ironside (2016 Nationals - men's final),2016-11-10T00:07:34Z,https://www.youtube.com/watch?v=8aKWCXCf5Fs
Revolver ties it up (2016 Nationals - men's final),2016-10-12T17:28:04Z,https://www.youtube.com/watch?v=GTYbLnWhPzI
Josh Markette scoops a near handblock (2016 Nationals - men's final),2016-10-12T17:25:48Z,https://www.youtube.com/watch?v=4l1FAJO_drQ
Nathan White bookends (2016 Nationals - men's final),2016-10-12T17:23:55Z,https://www.youtube.com/watch?v=G7pXa9jzLoQ
Chris Johnson second effort score (2016 Nationals - men's final),2016-10-12T17:22:00Z,https://www.youtube.com/watch?v=QmeNfN-Z9WA
Will Neff perfect backhand huck (2016 Nationals - men's final),2016-10-12T17:21:14Z,https://www.youtube.com/watch?v=KYkRDjzCRcw
Jay Clark around backhand (2016 Nationals - men's final),2016-10-12T17:20:23Z,https://www.youtube.com/watch?v=eMf6NntipHA
Simon Higgins catch up high (2016 Nationals - men's final),2016-10-12T17:19:32Z,https://www.youtube.com/watch?v=5jqciOBeBQU
Eli Kerns to Simon Higgins (2016 Nationals - men's final),2016-10-12T17:18:06Z,https://www.youtube.com/watch?v=gZYotGI00zc
Kurt Gibson pretty backhand (2016 Nationals - men's final),2016-10-12T17:15:53Z,https://www.youtube.com/watch?v=1LxcK-WaD6A
Tyler Chan gets up (2016 Nationals - men's final),2016-10-12T17:13:28Z,https://www.youtube.com/watch?v=tgYl-_SXUGM
Early Revolver score (2016 Nationals - men's final),2016-10-12T17:11:52Z,https://www.youtube.com/watch?v=1PtrRFAF9N4
Sarah Cook around backhand (2016 Nationals - women's final),2016-10-12T16:47:10Z,https://www.youtube.com/watch?v=HKeLga7H0TM
Brute Squad late game break (2016 Nationals - women's final),2016-10-12T16:44:38Z,https://www.youtube.com/watch?v=dpYlW0OQpdA
Shellie Cohen zone-breaking crossfield flick (2016 Nationals - women's final),2016-10-12T16:42:56Z,https://www.youtube.com/watch?v=r5IuabG9Fx0
Rohre Titcomb IO flick assist (2016 Nationals - women's final),2016-10-12T16:40:35Z,https://www.youtube.com/watch?v=rdcbT1J-tXk
Jaclyn Verzuh block and assist (2016 Nationals - women's final),2016-10-12T16:38:23Z,https://www.youtube.com/watch?v=XouFusOsOh4
Kami Groom catch up block and score (2016 Nationals - women's final),2016-10-12T16:36:34Z,https://www.youtube.com/watch?v=fE3G8Y65XHo
Paige Soper diving save and assist (2016 Nationals - women's final),2016-10-12T16:33:35Z,https://www.youtube.com/watch?v=K-e-AhR0LoM
Becky Malinowski diving score (2016 Nationals - women's final),2016-10-12T16:31:56Z,https://www.youtube.com/watch?v=uvOHvgkWzxU
Ben Katz second effort score (2016 Nationals - mixed final),2016-10-12T16:20:27Z,https://www.youtube.com/watch?v=b83GLRwTKrM
Annie Fisher layout block,2016-10-12T16:18:48Z,https://www.youtube.com/watch?v=vw3gQ2GpRDI
Slow White zone offense (2016 Nationals - mixed final),2016-10-12T16:17:25Z,https://www.youtube.com/watch?v=MRZjxQq-31w
Miles Montgomery-Butler flick huck (2016 Nationals - mixed final),2016-10-12T16:14:58Z,https://www.youtube.com/watch?v=C23rlnfI0PM
Eugene Yum lead left backhand (2016 Nationals - mixed final),2016-10-12T16:12:08Z,https://www.youtube.com/watch?v=jOq6OyhVjIg
Ben Ivers toes the line (2016 Nationals - mixed final),2016-10-12T16:10:23Z,https://www.youtube.com/watch?v=BN4xqJ1SR0I
Slow White third straight break (2016 Nationals - mixed final),2016-10-12T16:07:25Z,https://www.youtube.com/watch?v=57L2TcxconE
Hannah Baranes nice save (2016 Nationals - mixed final),2016-10-12T16:05:33Z,https://www.youtube.com/watch?v=OLdIvdbcp4A
Malinowski sky (2016 Nationals - women's semi),2016-10-12T03:16:46Z,https://www.youtube.com/watch?v=X7lvNAAQZWg
Shellie Cohen laser flick (2016 Nationals - women's semi),2016-10-12T03:14:39Z,https://www.youtube.com/watch?v=C76re9RfB-0
Cassie Wong defends the huck (2016 Nationals - women's semi),2016-10-12T03:12:20Z,https://www.youtube.com/watch?v=Ntu1r2p3B78
Kami Groom bookends (2016 Nationals - women's semi),2016-10-12T03:10:50Z,https://www.youtube.com/watch?v=kMM7vwmMdao
Claire Chastain handler move (2016 Nationals - women's semi),2016-10-12T03:08:34Z,https://www.youtube.com/watch?v=qYvJY4dgWT0
Payne flick to Pitcaithley (2016 Nationals - women's semi),2016-10-12T03:01:04Z,https://www.youtube.com/watch?v=vZ5tNCni0YQ
Leila Tunnell big backhand (2016 Nationals - women's semi),2016-10-12T02:59:31Z,https://www.youtube.com/watch?v=hfey_6wACjQ
Opi Payne crossfield flick (2016 Nationals - women's semi),2016-10-12T02:55:56Z,https://www.youtube.com/watch?v=x4vfySLaGKE
Claire Chastain handler movement (2016 Nationals - women's semi),2016-10-12T02:54:29Z,https://www.youtube.com/watch?v=_2Yhyi6K2M0
Christian Foster perfect backhand rip (2016 Nationals - men's semi),2016-10-12T02:42:19Z,https://www.youtube.com/watch?v=wE3D43-2fBQ
Rauls around backhand to Mickle (2016 Nationals - men's semi),2016-10-12T02:39:38Z,https://www.youtube.com/watch?v=M4CYO9G4qU4
Josh Markette layout block and assist (2016 Nationals - men's semi),2016-10-12T02:38:00Z,https://www.youtube.com/watch?v=0HrMCWgyokI
Ben Lohre saves the tipped pass (2016 Nationals - men's semi),2016-10-12T02:34:02Z,https://www.youtube.com/watch?v=PLvWTnxOO2E
Jay Clark defends the huck (2016 Nationals - men's semi),2016-10-12T02:32:27Z,https://www.youtube.com/watch?v=SHJYT6ZBLWo
Tulett layout block (2016 Nationals - men's semi),2016-10-12T02:30:39Z,https://www.youtube.com/watch?v=V1hFoo-1J1w
Jay Clark point blocks a scoober (2016 Nationals - men's semi),2016-10-12T02:29:34Z,https://www.youtube.com/watch?v=KKhDppMDEGI
Jack Hatchett defends the huck (2016 Nationals - men's semi),2016-10-12T02:28:25Z,https://www.youtube.com/watch?v=8pbRVGu74qg
David Wheeler catch in coverage (2016 Nationals - men's semi),2016-10-12T02:26:08Z,https://www.youtube.com/watch?v=RZSQ1ochuUw
Markette to Graham in stride (2016 Nationals - men's semi),2016-10-12T02:24:45Z,https://www.youtube.com/watch?v=peCF-tRP_jM
Tom Tulett high release flick (2016 Nationals - men's semi),2016-10-12T02:23:40Z,https://www.youtube.com/watch?v=j1S1IMQZEUo
Jimmy Mickle hammer (2016 Nationals - men's semi),2016-10-12T02:20:23Z,https://www.youtube.com/watch?v=FUosESUhFDs
Tulett to Peterson (2016 Nationals - men's semi),2016-10-12T02:18:28Z,https://www.youtube.com/watch?v=VHvl8ZC7mrQ
Ring of Fire late game score (2016 Nationals - men's semi),2016-10-12T02:08:40Z,https://www.youtube.com/watch?v=1zbN7cQUMpc
Nethercutt hammer assist (2016 Nationals - men's semi),2016-10-12T02:04:51Z,https://www.youtube.com/watch?v=qSKdI2eGgs8
Noal Saul flick to Hood (2016 Nationals - men's semi),2016-10-12T02:02:46Z,https://www.youtube.com/watch?v=8reULvGGd-g
Jack Williams score (2016 Nationals - men's semi),2016-10-12T02:00:48Z,https://www.youtube.com/watch?v=359uUS3SrIY
Nathan White stuff (2016 Nationals - men's semi),2016-10-12T01:58:25Z,https://www.youtube.com/watch?v=8D2pEgdAi2o
Hunter Taylor big diving catch (2016 Nationals - men's semi),2016-10-12T01:58:15Z,https://www.youtube.com/watch?v=60VlR3UbjxA
Nathan White layout score (2016 Nationals - men's semi),2016-10-12T01:56:36Z,https://www.youtube.com/watch?v=ZQ4elAdLJ5U
Hunter Taylor bookends (2016 Nationals - men's semi),2016-10-12T01:56:26Z,https://www.youtube.com/watch?v=KLeCoeexuuc
Vicki Chang game winner (2016 Nationals - mixed semi),2016-10-12T01:35:21Z,https://www.youtube.com/watch?v=u0nbJhycU4w
Austin Lien lays out Anciaux (2016 Nationals - mixed semi),2016-10-12T01:34:55Z,https://www.youtube.com/watch?v=WJyE6F48sAE
Jamie Glader blocks the in cut (2016 Nationals - mixed semi),2016-10-12T01:34:41Z,https://www.youtube.com/watch?v=uN2Lqwg-vo0
Shirley save (2016 Nationals - mixed semi),2016-10-12T01:33:54Z,https://www.youtube.com/watch?v=jZaET3-vm-4
Sarah Anciaux cutting (2016 Nationals - mixed semi),2016-10-12T01:33:36Z,https://www.youtube.com/watch?v=TvUz6sy0v6k
Tannor Johnson give and go show (2016 Nationals - mixed semi),2016-10-12T01:32:30Z,https://www.youtube.com/watch?v=omqcKCkiPV0
McKean to Niles (2016 Nationals - mixed semi),2016-10-12T01:31:59Z,https://www.youtube.com/watch?v=aEUOQVlyxzQ
Pat Niles trails the play (2016 Nationals - mixed semi),2016-10-12T01:31:43Z,https://www.youtube.com/watch?v=Wr-Vbhp2mxo
Smith flick to Zalk (2016 Nationals - mixed semi),2016-10-12T01:31:20Z,https://www.youtube.com/watch?v=EgRsHVWYJJE
Slow White takes half (2016 Nationals - mixed semi),2016-10-12T01:30:54Z,https://www.youtube.com/watch?v=cE8YcJ0m7wU
David Whitehead bookends (2016 Nationals - mixed semi),2016-10-12T01:30:26Z,https://www.youtube.com/watch?v=eh-_1xeGbXY
Waite breakside scoober (2016 Nationals - mixed semi),2016-10-12T01:30:07Z,https://www.youtube.com/watch?v=-SKe0T0D6zQ
Early Drag'n Thrust score (2016 Nationals - mixed semi),2016-10-12T01:29:26Z,https://www.youtube.com/watch?v=GPwD6cZkF28
Brute Squad v. Riot highlights (2016 Nationals - women's final),2016-10-11T21:04:37Z,https://www.youtube.com/watch?v=vYFvTO3Jhv0
Ironside v. Revolver highlights (2016 Nationals - men's final),2016-10-11T21:04:22Z,https://www.youtube.com/watch?v=eEo9Q_OHzCI
Slow White v. Metro North highlights (2016 Nationals - mixed final),2016-10-11T21:04:09Z,https://www.youtube.com/watch?v=39uHEHPon1w
Brute Squad v. Molly Brown highlights (2016 Nationals - women's semi),2016-10-11T21:03:55Z,https://www.youtube.com/watch?v=HgXQNia5L3U
Revolver v. Ring of Fire Ironside v. Johnny Bravo highlights (2016 Nationals - men's semis),2016-10-11T21:03:42Z,https://www.youtube.com/watch?v=T99uK5OoUlg
Slow White vs. Drag'n Thrust highlights (2016 Nationals - mixed semi),2016-10-11T21:03:25Z,https://www.youtube.com/watch?v=M4hSM1-Pzgc
Christian Foster monster pull (2016 Nationals - men's semi),2016-10-11T20:55:49Z,https://www.youtube.com/watch?v=KczUDs8jS5M
#NationalsIL Player Profiles - Women's Division,2016-10-01T05:17:09Z,https://www.youtube.com/watch?v=66WkPvD3MRE
#NationalsIL Player Profiles - Men's Division,2016-10-01T04:58:10Z,https://www.youtube.com/watch?v=uzDLnV6QxWM
#NationalsIL Player Profiles - Mixed Division,2016-10-01T04:24:29Z,https://www.youtube.com/watch?v=MkVzkMT7j4o
Machine v. Sockeye (2016 US Open - Men's Final),2016-08-02T23:09:01Z,https://www.youtube.com/watch?v=lBXuBYusG0o
Riot v Brute Squad (2016 US Open - Women's Final),2016-08-02T23:08:38Z,https://www.youtube.com/watch?v=aDqUYnv38Bw
Slow White v Mixtape (2016 US Open - Mixed Final),2016-08-02T23:07:33Z,https://www.youtube.com/watch?v=_YWdbAScuH4
Machine v. Ironside (2016 US Open - Men's Semifinal),2016-08-02T17:16:29Z,https://www.youtube.com/watch?v=apJUmoW5q3s
Molly Brown v Riot (2016 US Open - Women's Semifinal),2016-08-01T21:07:23Z,https://www.youtube.com/watch?v=46h6w6sD99Y
Sockeye v Revolver (2016 US Open - Men's Semifinal),2016-08-01T21:02:13Z,https://www.youtube.com/watch?v=nFdqYRrIzBs
Mixtape v Drag'N Thrust (2016 US Open - Mixed Semifinal),2016-08-01T18:14:01Z,https://www.youtube.com/watch?v=cLgerjI8eD0
Brett Matzuka hammer huck in stride,2016-07-05T23:57:05Z,https://www.youtube.com/watch?v=Zgo3JJq8qQI
Trent Dillon doink and save,2016-07-05T23:50:12Z,https://www.youtube.com/watch?v=nwqhNPxJk_k
Cassie Wong jaw-dropping layout,2016-07-05T23:39:31Z,https://www.youtube.com/watch?v=1y2pudubO8o
Qxhna Titcomb catch,2016-07-05T23:34:04Z,https://www.youtube.com/watch?v=cjZ36FlxnIA
Molly Hallweaver bookends,2016-07-05T23:19:18Z,https://www.youtube.com/watch?v=Uw-X5eyoV6w
Lucy Williams layout score,2016-07-05T23:08:35Z,https://www.youtube.com/watch?v=qBYpCgQ0xmY
Jesse Bolton crossfield assist,2016-07-05T23:07:06Z,https://www.youtube.com/watch?v=54UsogSRiYI
Phan-tastic grab,2016-07-05T23:04:44Z,https://www.youtube.com/watch?v=zFBw1v-zI4Q
Jeff Smith IO flick,2016-07-05T22:53:09Z,https://www.youtube.com/watch?v=XO4YVfSDGPw
Finals recap (2016 U.S. Open Championships),2016-07-05T01:42:16Z,https://www.youtube.com/watch?v=mXMzkhAa-Ck
Von Alanguilan trailing edge layout catch,2016-07-04T16:02:30Z,https://www.youtube.com/watch?v=7-pkNaWOy1Q
Justin Lim layout on a deflection,2016-07-04T16:02:26Z,https://www.youtube.com/watch?v=ukpo1XeiELQ
Jaclyn Verzuh big upwind catch,2016-07-04T16:02:13Z,https://www.youtube.com/watch?v=W0tRFJTI7xQ
Sarah Meckstroth hammer,2016-07-04T16:02:04Z,https://www.youtube.com/watch?v=uhN5aCXWoAI
Jen Cogburn clutch late game block,2016-07-04T16:01:57Z,https://www.youtube.com/watch?v=4rX7LXjRg1k
Khalif El-Salaam gets up for the goal,2016-07-04T15:58:17Z,https://www.youtube.com/watch?v=veNnoL1j4eI
Big Games Bigger Plays #playlikeagirl Vol. 1,2016-07-01T22:04:04Z,https://www.youtube.com/watch?v=nUhtaFnUb-o
Big Games Bigger Plays #playlikeagirl Vol. 1 (Extended Version),2016-07-01T22:03:59Z,https://www.youtube.com/watch?v=7oe7RW7QnK8
Stanford v. Oregon (2016 College Championships - Women's Semi),2016-06-28T15:35:13Z,https://www.youtube.com/watch?v=YE3X0A6Yuo0
Pittsburgh v. Minnesota (2016 College Championships - Men's Semi),2016-06-28T04:14:21Z,https://www.youtube.com/watch?v=0dn6z68bNbc
Harvard v. Minnesota (2016 College Championships - Men's Final),2016-06-28T02:07:02Z,https://www.youtube.com/watch?v=5jHua1tRIhU
Harvard v. North Carolina (2016 College Championships - Men's Semi),2016-06-28T01:42:33Z,https://www.youtube.com/watch?v=4qvgy77tlDw
Whitman v. Stanford (2016 D-I College Championships - Women's Final),2016-06-27T20:46:38Z,https://www.youtube.com/watch?v=FrYIjRRxRaQ
Virginia v. Whitman (2016 College Championships - Women's Semi),2016-06-27T17:10:47Z,https://www.youtube.com/watch?v=GFaDoATX_9I
STAR Webinar (Offseason) - May 17,2016-06-22T17:16:41Z,https://www.youtube.com/watch?v=V4wBCpPPW9E
2016 D-I College Championships - Finals Recap,2016-06-01T16:43:20Z,https://www.youtube.com/watch?v=YoZA4gLGnNc
2016 Callahan Award presentation,2016-05-30T15:22:47Z,https://www.youtube.com/watch?v=XXa1alGijB4
Meet the 2016 Callahan Men's Nominees,2016-05-29T15:04:28Z,https://www.youtube.com/watch?v=1x4HbtQ8544
Meet the 2016 Callahan Women's Nominees,2016-05-29T15:01:56Z,https://www.youtube.com/watch?v=F3pONwrM64E
2016 Beach Championships - Women's Division Highlights,2016-05-17T16:48:53Z,https://www.youtube.com/watch?v=fgXYacTfHiU
USWNT vs Canada exhibition (2016),2016-05-03T21:46:32Z,https://www.youtube.com/watch?v=lN6SfXefF3s
STAR Webinar (Women's teams) - March 23,2016-04-14T16:19:42Z,https://www.youtube.com/watch?v=7w4Mp-vRb4Q
STAR Webinar (D-III teams) - March 22,2016-04-14T16:18:43Z,https://www.youtube.com/watch?v=2OEyEMC6SEQ
STAR Webinar (Developmental teams) - March 21,2016-04-14T16:17:45Z,https://www.youtube.com/watch?v=ttiY7o9_yHA
Death or Glory v. Double Happiness (1994 Club Championships - Open Final),2015-12-23T23:45:37Z,https://www.youtube.com/watch?v=MF0VoAAjK9g
Washington v. Tufts (2012 College Championships - Women's Semifinal),2015-12-23T23:30:02Z,https://www.youtube.com/watch?v=NnVhhNg_BNk
Pittsburgh v. Carleton College (2012 College Championships - Open Semifinal),2015-12-23T23:29:54Z,https://www.youtube.com/watch?v=YDXmT-hLWz4
Wisconsin v. Central Florida (2012 College Championships - Open Pool Play),2015-12-23T23:29:35Z,https://www.youtube.com/watch?v=7TeR0USxXY0
Wisconsin v. Tufts (2012 College Championships - Open Quarterfinal),2015-12-23T23:29:26Z,https://www.youtube.com/watch?v=B0NXzGDeu74
Iowa v. Humboldt St (2012 College Championships - Women's Pool Play),2015-12-23T23:29:12Z,https://www.youtube.com/watch?v=2x-vGOcy034
Johnny Bravo v. Chain Lightning (2012 U.S. Open - Open Final),2015-12-22T22:38:04Z,https://www.youtube.com/watch?v=YN72moHrhPg
Riot v. Scandal (2012 US Open Championship - Women's Division),2015-12-22T21:28:45Z,https://www.youtube.com/watch?v=svXU7oumDbY
Tsunami v. NYNY (1989 Club Championships - Open Final),2015-12-22T21:21:45Z,https://www.youtube.com/watch?v=VzP98uJfSGU
Oregon v. California (2012 College Championships - Women's PQ),2015-12-22T20:45:25Z,https://www.youtube.com/watch?v=d_96HDo-21c
Polar Bears v. Slow White (2012 US Open Championship - Mixed Division),2015-12-22T20:28:29Z,https://www.youtube.com/watch?v=EjB6PmuKNLM
Ultimate 101: Intro to Throwing,2015-12-21T19:28:30Z,https://www.youtube.com/watch?v=W44fQqmZZLA
Ultimate 101: How to Play Ultimate,2015-12-21T19:28:26Z,https://www.youtube.com/watch?v=aP5EhOFTYWg
Ultimate 101: Backhand,2015-12-21T19:28:22Z,https://www.youtube.com/watch?v=CuyH79bOTNA
Ultimate 101: Forehand,2015-12-21T19:28:18Z,https://www.youtube.com/watch?v=Fbqj33iMIuM
Ultimate 101: Hammer,2015-12-21T19:28:13Z,https://www.youtube.com/watch?v=HEBtuUlWHLY
Ultimate 101: Intro to Catching,2015-12-21T19:28:10Z,https://www.youtube.com/watch?v=2W3uCK3SyUQ
Ultimate 101: Clap Catch,2015-12-21T19:28:06Z,https://www.youtube.com/watch?v=dDoSWdneEec
Ultimate 101: Two handed Rim Catch,2015-12-21T19:28:02Z,https://www.youtube.com/watch?v=RlT8SZ31Jdg
Ultimate 101: One handed Rim Catch,2015-12-21T19:27:58Z,https://www.youtube.com/watch?v=yZYOrB9mWfA
Ultimate 101: Travel,2015-12-21T19:27:54Z,https://www.youtube.com/watch?v=xM9mPn1uki8
Ultimate 101: Faking and Pivoting,2015-12-21T19:27:51Z,https://www.youtube.com/watch?v=gonrOw-6D1s
Ultimate 101: Partner Throwing,2015-12-21T19:27:47Z,https://www.youtube.com/watch?v=8BT_2z2UTAM
Ultimate 101: The Stack,2015-12-21T19:27:43Z,https://www.youtube.com/watch?v=PY2zQe6M3dk
Ultimate 101: The Force,2015-12-21T19:27:40Z,https://www.youtube.com/watch?v=e0dKynzHxHU
Ultimate 101: Fouls,2015-12-21T19:27:36Z,https://www.youtube.com/watch?v=YL7cPYyzmUI
Ultimate 101: Cutting,2015-12-21T19:27:33Z,https://www.youtube.com/watch?v=mqKltpfBSLs
Ultimate 101: Outside In & Inside Out Throws,2015-12-21T19:27:29Z,https://www.youtube.com/watch?v=9XEyoLLQhxA
Ultimate 101: Laying Out,2015-12-21T19:27:26Z,https://www.youtube.com/watch?v=42ikRoOqhKo
Ultimate 101: Picks,2015-12-21T19:27:22Z,https://www.youtube.com/watch?v=Lz_I2JVi5LU
Ultimate 101: Line Drill,2015-12-21T19:27:18Z,https://www.youtube.com/watch?v=N1gEfMtYZOw
Ultimate 101: Stack Drill,2015-12-21T19:27:15Z,https://www.youtube.com/watch?v=QALyJAFfDGY
Ultimate 101: Downfield Defense,2015-12-21T19:27:11Z,https://www.youtube.com/watch?v=MD9RHwrcAGU
Ultimate 101: Spirit of the Game,2015-12-21T19:27:06Z,https://www.youtube.com/watch?v=ZeIX-4Vi70Y
Ultimate 101: Marking,2015-12-21T19:27:01Z,https://www.youtube.com/watch?v=Le_zsHM0K6Q
Ultimate 101: Stalling,2015-12-21T19:26:04Z,https://www.youtube.com/watch?v=hN7s0GfaWyY
NYNY v Big Brother (1991 Club Championships - Open Division),2015-12-21T00:25:45Z,https://www.youtube.com/watch?v=JDXCKvD7xys
UNCW v. UCSB (1993 College Championships - Open Division),2015-12-20T23:59:57Z,https://www.youtube.com/watch?v=hgYsOUGf9jg
California-Santa Cruz v. Stanford (1995 College Championships - Women's Division),2015-12-20T22:24:31Z,https://www.youtube.com/watch?v=AGvBPmSvpTc
East Carolina v California-Santa Cruz (1995 College Championships - Open Division),2015-12-20T21:43:21Z,https://www.youtube.com/watch?v=6hfjE_51FMw
UCSB v. California (1991 College Championships - Women's Division),2015-12-20T20:52:57Z,https://www.youtube.com/watch?v=pesYwqi1ZyM
Brown v Carleton College (2000 College Championships - Open Final),2015-12-20T20:10:33Z,https://www.youtube.com/watch?v=Lq0mKGEEGBU
Lady Godiva v. Maine-iacs (1991 Club Championships - Women's Division),2015-12-17T17:06:34Z,https://www.youtube.com/watch?v=Ud1fUMFHERM
Death or Glory v Condors (1999 UPA Club Championships - Open Final),2015-12-17T16:49:58Z,https://www.youtube.com/watch?v=P68fNlQ8zhs
Condors v. Jam (2001 UPA Club Championships - Open Final),2015-12-15T22:29:16Z,https://www.youtube.com/watch?v=umk9LphQ2s8
Safari v Maine-iacs (1990 Club Championships - Women's Division),2015-12-10T20:00:24Z,https://www.youtube.com/watch?v=BDMl_XdCv3s
Felix v Ozone (1994 Club Championships - Women's Division),2015-12-09T17:09:26Z,https://www.youtube.com/watch?v=2NpZ2QX0Hd8
Cal v UNCW (1993 College Championships - Women's Final),2015-12-08T16:57:57Z,https://www.youtube.com/watch?v=mz9SuRQ-2vc
California-Santa Cruz v UNCW (1991 College Championships - Open Final),2015-12-06T17:10:07Z,https://www.youtube.com/watch?v=T_R7HJatNmM
Stanford v UCSB (1998 College Championships - Open Final),2015-12-02T19:58:26Z,https://www.youtube.com/watch?v=suYuuBAFE74
Paideia v Amherst (2002 Junior Nationals - Open Final),2015-12-01T17:38:09Z,https://www.youtube.com/watch?v=TYCrwkjaQE4
Amherst vs Nashville (2002 Junior Nationals - Girls' Final),2015-12-01T17:38:00Z,https://www.youtube.com/watch?v=hMVo8E9eJxQ
Paideia v Amherst (2001 Junior Nationals - Open Final),2015-12-01T17:33:57Z,https://www.youtube.com/watch?v=AsF1XdpG8Ao
Lady Godiva v Schwa (2000 Club Championships - Women's Final),2015-11-30T21:29:19Z,https://www.youtube.com/watch?v=6KkK8M0OgaE
Condors v Furious George (2000 Club Championships - Open Final),2015-11-30T21:29:06Z,https://www.youtube.com/watch?v=8li_A0EnxTs
2000 UPA Co-ed National Championships,2015-11-30T21:28:35Z,https://www.youtube.com/watch?v=f5ZVEviwj1o
Carleton College v Colorado (2001 College Championships - Open Final),2015-11-24T22:38:31Z,https://www.youtube.com/watch?v=WVyKBIh2VcA
Georgia v Stanford (2001 College Championship - Women's Final),2015-11-24T22:38:28Z,https://www.youtube.com/watch?v=6m8raRyKIFM
New York v Iguanas (1990 Club Championships - Open Division),2015-11-23T22:18:04Z,https://www.youtube.com/watch?v=AJM8DhuPXW4
Death or Glory v Condors (1998 Club Championships - Open Finals),2015-11-17T18:40:33Z,https://www.youtube.com/watch?v=1WDkJVuAEBQ
Stanford v Carleton College (1998 College Championships - Women's Final),2015-11-16T18:09:07Z,https://www.youtube.com/watch?v=D64edRCVY-w
UNCW v Carleton College (2000 College Championships - Women's Final),2015-11-11T20:28:55Z,https://www.youtube.com/watch?v=wh96GfkU8Ik
2000 UPA Junior Nationals,2015-11-10T20:14:50Z,https://www.youtube.com/watch?v=HH2TPbabXKk
Fury v Riot (2015 National Championships - Women's Semifinal),2015-11-02T18:56:16Z,https://www.youtube.com/watch?v=VGJqcVkUj-4
Revolver v Machine (2015 National Championships - Men's Semifinal),2015-11-01T15:40:51Z,https://www.youtube.com/watch?v=b4BoW_eM5yY
Drag'n Thrust v Mixtape (2015 National Championships - Mixed Final),2015-10-29T15:09:14Z,https://www.youtube.com/watch?v=kxFBdvCJKbI
Revolver v Sockeye (2015 National Championships - Men's Final),2015-10-22T15:59:32Z,https://www.youtube.com/watch?v=v2X0OezR-XM
GUM: Elevator Speeches,2015-10-16T16:41:17Z,https://www.youtube.com/watch?v=jeZ8ogHhAws
GUM Day Finale,2015-10-16T16:39:20Z,https://www.youtube.com/watch?v=VnXpxVjkUQo
Schoenrock catch at #3 on SCTop10,2015-10-07T16:32:24Z,https://www.youtube.com/watch?v=EECjpgykF2A
Zahniser layout save,2015-10-07T16:28:05Z,https://www.youtube.com/watch?v=iLPeYBgvkDo
Brute Squad v Riot (2015 National Championships - Women's Final),2015-10-07T14:35:57Z,https://www.youtube.com/watch?v=ULzQS2rv34s
Rasmussen trailing edge catch,2015-10-06T17:09:36Z,https://www.youtube.com/watch?v=lVPYSD8o4qU
2015 National Championships - Day 3 Highlights,2015-10-04T16:35:54Z,https://www.youtube.com/watch?v=_R3T8OIimMU
USA Ultimate National Championships - Day 2,2015-10-03T05:29:15Z,https://www.youtube.com/watch?v=YRR7TTzA_Gk
2015 National Championships - Pool Play Day 1,2015-10-02T05:24:43Z,https://www.youtube.com/watch?v=Eqw_mO0nKQg
GOAT v Revolver (2015 US Open Men's Final),2015-08-11T17:27:42Z,https://www.youtube.com/watch?v=xHS9CAEz2_g
Fury v Riot (2015 US Open Women's Final),2015-08-11T17:27:37Z,https://www.youtube.com/watch?v=iIQUrJs9pYw
Seattle Mixtape v Ellipsis (2015 US Open Mixed Final),2015-08-11T17:27:31Z,https://www.youtube.com/watch?v=jaYXHwxBKyk
Johnny Bravo v GOAT (2015 US Open Men's Semi),2015-08-06T15:17:07Z,https://www.youtube.com/watch?v=hs0aBQaFuhw
Revolver v Truck Stop (2015 US Open Men's Semi),2015-08-06T15:14:13Z,https://www.youtube.com/watch?v=b7hVXnlNCig
Fury v Brute Squad (2015 US Open Women's Semi),2015-08-05T15:55:59Z,https://www.youtube.com/watch?v=3ZVlVTMMFyE
Chad Larson Experience v Ellipsis (2015 US Open Mixed Semi),2015-08-05T00:25:41Z,https://www.youtube.com/watch?v=HnPfB-SjViI
Beachnats moments (2015 Beach Championships),2015-07-15T19:02:39Z,https://www.youtube.com/watch?v=eaxS_s0f_tk
GOAT catch v Ironside (2015 US Open Championship),2015-07-08T20:47:40Z,https://www.youtube.com/watch?v=ofYgtk0HmB8
Lien Hoffman layout block (2015 US Open Women's Semi),2015-07-08T20:31:10Z,https://www.youtube.com/watch?v=vyd8IT6nWAc
Jeffery poach D and huck (2015 US Open Men's Final),2015-07-08T16:25:33Z,https://www.youtube.com/watch?v=BfuctDd-Oxs
Baylis scoober to a crowd (2015 US Open Men's Final),2015-07-08T16:20:24Z,https://www.youtube.com/watch?v=N9m9o0X7MN8
Higgins backhand to Kittredge (2015 US Open Men's Final),2015-07-08T16:18:44Z,https://www.youtube.com/watch?v=xtAIwEzQs1M
Weatherford huck to Stern (2015 US Open Women's Final),2015-07-08T16:11:27Z,https://www.youtube.com/watch?v=xF-bBAsNegY
Liz Duffy layout block (2015 US Open Women's Final),2015-07-08T16:11:22Z,https://www.youtube.com/watch?v=K6Cq5iVUxW4
Carolyn Finney bullet flick (2015 US Open Women's Final),2015-07-08T16:11:17Z,https://www.youtube.com/watch?v=tfelniyFkqY
Finney flick to Pitcaithley (2015 US Open Women's Final),2015-07-08T16:11:12Z,https://www.youtube.com/watch?v=-yPfl9iNbZM
Sarah Carnahan catch in a crowd (2015 US Open Women's Final),2015-07-08T16:11:07Z,https://www.youtube.com/watch?v=RE6leFKVVa0
Maggie Ruden game opening block (2015 US Open Women's Final),2015-07-08T16:11:02Z,https://www.youtube.com/watch?v=NzlpwNX_J0Q
Mikey Cavanaugh layout catch (2015 US Open Mixed Final),2015-07-08T16:06:53Z,https://www.youtube.com/watch?v=n0AZjYSBH_A
Pete Allen catch up high (2015 US Open Mixed Final),2015-07-08T16:03:42Z,https://www.youtube.com/watch?v=9zUovvL6Cfk
Lance huck to Farrell (2015 US Open Men's Semi #2),2015-07-08T16:01:48Z,https://www.youtube.com/watch?v=7WmkNg1GK90
Eli Kerns layout block (2015 US Open Men's Semi #1),2015-07-08T15:58:31Z,https://www.youtube.com/watch?v=SiYMxVvR5Tk
Masek-Kelley hammer catch  (2015 US Open Men's Semi #2),2015-07-08T15:55:49Z,https://www.youtube.com/watch?v=x7bGhAQ6DI4
Geoff Powell catch block (2015 US Open Men's Semi #2),2015-07-08T15:52:50Z,https://www.youtube.com/watch?v=EimUL52sTbY
Simon Higgins catch (2015 US Open Men's Semi #1),2015-07-08T15:51:00Z,https://www.youtube.com/watch?v=0UP5WP3xK5c
Keegan trails the play (2015 US Open Men's Semi #2),2015-07-08T15:49:09Z,https://www.youtube.com/watch?v=G-sp3gknYVQ
McArdle catches desperation scoober (2015 US Open Women's Semi),2015-07-08T15:45:44Z,https://www.youtube.com/watch?v=DhLXajNq1P8
Anna Nazarov goal-saving block (2015 US Open Women's Semi),2015-07-08T15:43:15Z,https://www.youtube.com/watch?v=liJXWZcUgEU
Thomas trailing flick (2015 US Open Mixed Semi),2015-07-08T15:40:58Z,https://www.youtube.com/watch?v=j-PRgRlUws0
Dani Alexander catch (2015 US Open Mixed Semi),2015-07-08T15:39:35Z,https://www.youtube.com/watch?v=Bw1mmjeVHcU
Andrew Moore block up the line (2015 US Open Mixed Semi),2015-07-08T15:37:25Z,https://www.youtube.com/watch?v=jFfwf1DWowQ
Michelle Phillips save (2015 US Open Mixed Semi),2015-07-08T15:35:18Z,https://www.youtube.com/watch?v=SAGh7NkCYEk
2015 US Open - Friday Highlights,2015-07-05T15:32:23Z,https://www.youtube.com/watch?v=70qizW8YBO4
Girls' Ultimate Movement (GUM) talk at 2015 US Open,2015-07-04T11:39:53Z,https://www.youtube.com/watch?v=bzEymT7RKsg
2015 US Open - Thursday Highlights,2015-07-03T14:08:06Z,https://www.youtube.com/watch?v=T6bCYKOmolE
Oregon v Stanford (2015 College Championships - Women's Final),2015-06-29T19:24:45Z,https://www.youtube.com/watch?v=wecIWxkL1aw
North Carolina v Oregon (2015 College Championships - Men's Final),2015-06-29T19:23:42Z,https://www.youtube.com/watch?v=ZbSHU6lfAC8
North Carolina v Central Florida (2015 College Championships - Men's Semifinal)  - low quality,2015-06-29T19:21:36Z,https://www.youtube.com/watch?v=aTgqctLvzGY
Florida State v Oregon (2015 College Championships - Men's Semifinal),2015-06-25T16:22:06Z,https://www.youtube.com/watch?v=KIowdB7qrIA
Stanford v Carleton College (2015 College Championships - Women's Semifinal),2015-06-24T15:42:46Z,https://www.youtube.com/watch?v=R0tBfBNe-L0
Oregon v British Columbia (2015 College Championships - Women's Semifinal),2015-06-23T15:26:35Z,https://www.youtube.com/watch?v=btXmqPqJdWU
LaRocque to Roney connection (2015 D-I College Championships - Men's Semifinal),2015-05-27T23:12:57Z,https://www.youtube.com/watch?v=VyCgXw6RZ_Q
Warshauer elevates (2015 D-I College Championships - Men's Semifinal),2015-05-27T23:11:40Z,https://www.youtube.com/watch?v=4xU145_517w
Moore second effort score (2015 D-I College Championships - Men's Championship),2015-05-27T23:09:51Z,https://www.youtube.com/watch?v=THalNgtLppw
Shofner layout score (2015 D-I College Championships - Women's Semifinal),2015-05-27T23:08:41Z,https://www.youtube.com/watch?v=E5ajW3FI96o
McCann leaping catch (2015 D-I College Championships - Women's Semifinal),2015-05-27T23:03:43Z,https://www.youtube.com/watch?v=edV9GmiNAhM
#cassiecam (2015 D-I College Championships),2015-05-24T17:24:33Z,https://www.youtube.com/watch?v=5ImZLrPnafs
USA Ultimate College Championships 2015 - Day 2 Highlights,2015-05-24T14:05:33Z,https://www.youtube.com/watch?v=v1k7dxHXkz8
Colorado v. Kansas (2015 College Championships - Women's Division),2015-05-23T19:53:26Z,https://www.youtube.com/watch?v=EGB9Z00LJhA
USA Ultimate College Championships 2015 - Day 1 Highlights,2015-05-23T06:39:38Z,https://www.youtube.com/watch?v=qckRv05vskM
2015 WCBU (Day 1),2015-03-09T17:16:26Z,https://www.youtube.com/watch?v=VY696x8jqc0
Paideia Groove 2011,2015-02-03T23:29:23Z,https://www.youtube.com/watch?v=4Sr0EhI4Ssk
Johnny Bravo v GOAT (2014 Men's Semifinal),2014-12-31T17:13:14Z,https://www.youtube.com/watch?v=LPg4JUNO94M
Ironside v Ring of Fire (2014 Men's Nationals Semifinals) - 2nd half,2014-12-17T16:55:32Z,https://www.youtube.com/watch?v=17gcVBxwQwY
Ironside v Ring of Fire (2014 Men's Nationals Semifinals) - 1st half,2014-12-17T16:55:28Z,https://www.youtube.com/watch?v=3VVw7H2yU8Q
Brute Squad v Scandal (2014 Women's Nationals Semifinals),2014-11-17T17:14:09Z,https://www.youtube.com/watch?v=S8EwrBa-w_U
Drag'n Thrust v CLX (2014 Mixed Nationals Semifinals),2014-11-13T17:14:05Z,https://www.youtube.com/watch?v=mBscmZ2DXQo
Nationals 2014 - Sunday Recap,2014-11-07T17:02:34Z,https://www.youtube.com/watch?v=Bn5JBPgiie8
Nationals 2014 - Saturday Recap,2014-11-07T17:01:28Z,https://www.youtube.com/watch?v=NN8phIVb9Kg
Drag'n Thrust v Seattle Mixed (2014 Mixed National Championships),2014-11-04T22:11:17Z,https://www.youtube.com/watch?v=1mpnH060Q7Y
2014 Nationals - Day 2,2014-11-04T17:01:50Z,https://www.youtube.com/watch?v=t4fWcmXa8Gc
2014 Nationals - Day 1,2014-11-04T17:00:52Z,https://www.youtube.com/watch?v=0lpRQ_YxWXM
GUM Action Item #4: GSYC Search,2014-11-03T19:08:48Z,https://www.youtube.com/watch?v=YsPrWlJTka4
Fury v Scandal (2014 Women's National Championships),2014-11-03T15:17:18Z,https://www.youtube.com/watch?v=aqmSmHGw4cI
Johnny Bravo v Ironside (2014 Men's National Championships),2014-10-29T17:11:31Z,https://www.youtube.com/watch?v=QwAQk9a11Fk
John Stubbs Layout Catch,2014-10-22T20:43:04Z,https://www.youtube.com/watch?v=g4Rx_a_QXWo
Blake Larson Save,2014-10-22T20:28:11Z,https://www.youtube.com/watch?v=updO5XmN4IE
Brian Schoenrock Catch,2014-10-22T20:26:05Z,https://www.youtube.com/watch?v=UY5isSXCpPM
Austin Lien Hucks Over the Zone D,2014-10-22T20:23:11Z,https://www.youtube.com/watch?v=WUkwrTIG3oU
Mark Burton Scoober Catch,2014-10-22T20:18:57Z,https://www.youtube.com/watch?v=8ZuQL0i26DI
Sandy Jorgensen Tipped D,2014-10-22T17:11:22Z,https://www.youtube.com/watch?v=78NzzfraMI0
Maggie Ruden Toes the Line,2014-10-22T17:09:14Z,https://www.youtube.com/watch?v=ckJ5m1pBO8Q
Octavia Payne Defends the Huck,2014-10-22T17:06:51Z,https://www.youtube.com/watch?v=AuPm71R3nu0
Josh Markette Scoober,2014-10-22T17:05:22Z,https://www.youtube.com/watch?v=K-pnkXuixc0
Christian Looritz Diving Catch,2014-10-22T17:03:45Z,https://www.youtube.com/watch?v=_O1oDLbiApQ
Matt Bode Runs Down the Huck,2014-10-22T17:00:36Z,https://www.youtube.com/watch?v=jQ60mUUK5T8
Justin Allen Acrobatic Catch,2014-10-22T16:56:44Z,https://www.youtube.com/watch?v=CBs2hiUy7PQ
Johnny Bravo Wins Their First Championship,2014-10-22T16:54:04Z,https://www.youtube.com/watch?v=UvWKV69H4U0
Jimmy Mickle Goes Up,2014-10-22T16:52:06Z,https://www.youtube.com/watch?v=5e_K0AYDxsg
USA Ultimate Highlights (2012-2014),2014-09-23T19:00:35Z,https://www.youtube.com/watch?v=eXe0SHTYZWc
Drag'N Thrust v Polar Bears (2014 U.S. Open Mixed Final),2014-08-14T17:23:17Z,https://www.youtube.com/watch?v=q3Zie6hAUbk
Drag'N Thrust v Wild Card (2014 U.S. Open Mixed Semi),2014-08-14T17:23:14Z,https://www.youtube.com/watch?v=BP1YywJr_hs
Revolver v. Ironside (2014 U.S. Open Men's Semifinal),2014-08-04T16:16:29Z,https://www.youtube.com/watch?v=ZvoMR3AMHp8
Fury v Riot (2014 U.S. Open Women's Semifinal),2014-08-04T16:16:10Z,https://www.youtube.com/watch?v=_o1y62sjnL0
Revolver v Johnny Bravo (2014 U.S. Open Men's Final),2014-08-04T16:15:47Z,https://www.youtube.com/watch?v=7Uj5W2q4hMQ
Intro to the Girls' Ultimate Movement,2014-07-09T20:26:37Z,https://www.youtube.com/watch?v=q3qNZ3733_E
Hatchett layout block back to Revolver,2014-07-08T20:54:01Z,https://www.youtube.com/watch?v=4ul0dhtoBrI
Pitcaithley huck to Laroche,2014-07-08T20:46:35Z,https://www.youtube.com/watch?v=jNj98yq54Z4
Sarah Griffith adjusts for the score,2014-07-06T18:07:55Z,https://www.youtube.com/watch?v=s07KItwFMok
Mike Clark low one-handed catch,2014-07-06T16:48:58Z,https://www.youtube.com/watch?v=Ejs3HDLDcuQ
Day 2 Recap - 2014 U.S. Open Championships,2014-07-05T13:46:24Z,https://www.youtube.com/watch?v=g6GRGEYefRU
Day 1 Recap - 2014 U.S. Open Championship,2014-07-04T12:25:48Z,https://www.youtube.com/watch?v=C-hcuaPq_cI
Ultimate Nation - Jimmy Mickle & Cassie Swafford,2014-06-26T20:33:57Z,https://www.youtube.com/watch?v=KFwdzLEVCdY
The Ghosts vs Drag'N Thrust (Mixed Semi) - 2013 Nationals,2014-06-16T15:58:11Z,https://www.youtube.com/watch?v=4vhmw2QPw08
Ironside vs Ring of Fire (Men's Semi) - 2013 U.S. Open Championships,2014-06-16T15:54:21Z,https://www.youtube.com/watch?v=1Ys-p3KiWU4
Colorado v. North Carolina (2014 College Men's Final),2014-06-12T04:53:45Z,https://www.youtube.com/watch?v=dSwHp9ozCBk
Ohio State v. Oregon (2014 College Women's Final),2014-06-11T16:35:00Z,https://www.youtube.com/watch?v=DWmg0WC4XmA
Nick Jackson's breakout performance,2014-06-11T15:44:46Z,https://www.youtube.com/watch?v=HNuXfTLZKHc
Jon Nethercutt's 2nd half highlights,2014-06-10T21:14:42Z,https://www.youtube.com/watch?v=tuItBH_HDHg
North Carolina v. UNCW (2014 College Men's Semi),2014-06-10T16:04:44Z,https://www.youtube.com/watch?v=xg0g8msS-lU
Colorado v. Oregon (2014 College Men's Semi),2014-06-07T22:11:31Z,https://www.youtube.com/watch?v=ELilHOMqW1E
Oregon v. Central Florida (2014 College Women's Semi),2014-06-06T15:26:16Z,https://www.youtube.com/watch?v=-mNU-wiiBuY
Ohio State v. Washington (2014 College Women's Semi),2014-06-06T02:15:33Z,https://www.youtube.com/watch?v=dZC0I00ASLo
Ohio State wins the 2014 college women's title,2014-05-29T19:21:54Z,https://www.youtube.com/watch?v=niy_nOhEm7M
Paige Soper grab in traffic,2014-05-29T19:16:40Z,https://www.youtube.com/watch?v=gshaOxRQ2o4
Colorado wins the 2014 college men's title,2014-05-29T18:58:54Z,https://www.youtube.com/watch?v=kSwJDy6GECQ
Colorado's dual diving saves,2014-05-29T17:45:40Z,https://www.youtube.com/watch?v=XuwqAoyYB1g
Jonathan Nethercutt rips a flick huck,2014-05-28T03:10:35Z,https://www.youtube.com/watch?v=aPaArpHWIJ0
Aaron Warshauer skies two defenders,2014-05-27T23:48:44Z,https://www.youtube.com/watch?v=uj5Wqvw5eTs
Stanley Peterson (Colorado) Defensive Block,2014-05-26T23:19:25Z,https://www.youtube.com/watch?v=DO2g0YVgsuY
Oregon's Hayley Wahlroos' Full-Extension Scoring Catch,2014-05-26T23:13:44Z,https://www.youtube.com/watch?v=RXC_ali1sUg
Alysia Letourneau (Washington) layout score,2014-05-26T23:04:05Z,https://www.youtube.com/watch?v=eq_1wgcWBzM
Skydiving Anthem Time Lapse (2014 College Championships),2014-05-26T18:33:24Z,https://www.youtube.com/watch?v=zZMv8UwrwYw
Day 1 Footage (2014 College Championships),2014-05-25T12:49:08Z,https://www.youtube.com/watch?v=UCWCUBdC4gQ
Day 2 Footage (2014 College Championships),2014-05-25T12:49:05Z,https://www.youtube.com/watch?v=PrBmJwWNp8U
Ultimate Nation - Board Pres/VP & CEO,2014-05-01T16:07:50Z,https://www.youtube.com/watch?v=gV8DLXkiuHE
Faust hammer grab (2013 Nationals),2014-04-17T17:22:41Z,https://www.youtube.com/watch?v=RhXk2adaF48
Drag'N Thrust takes half (2013 Nationals),2014-04-17T17:22:39Z,https://www.youtube.com/watch?v=DXp3DrL05wU
Schoenrock block (2013 Nationals),2014-04-17T17:22:36Z,https://www.youtube.com/watch?v=Xir-SVtlV74
Scott Johnston bobbled score (1998 College),2014-04-17T15:04:49Z,https://www.youtube.com/watch?v=_xP2hfgTOAQ
Jessica Ogburn layout - 2001 College,2014-04-15T16:30:07Z,https://www.youtube.com/watch?v=PhAKgS2gGW4
Alex Kapinos second effort catch,2014-04-14T23:16:18Z,https://www.youtube.com/watch?v=ie7eYfJ1iJg
Ironside vs Sockeye (Men's Semi) - 2013 Nationals,2014-04-14T23:15:50Z,https://www.youtube.com/watch?v=643Z5XRm6CI
Matt Rehder hammer,2014-04-14T23:15:32Z,https://www.youtube.com/watch?v=Lu1ntQ7N-Mo
2001 College Nationals - Open Division Highlights,2014-04-08T17:20:16Z,https://www.youtube.com/watch?v=kTS3frbDjeg
Game Point - 1998 College Women's Championship,2014-04-07T14:34:12Z,https://www.youtube.com/watch?v=MmCHQ14mLfE
Fortunat Mueller Score - 2000 College Open Final,2014-04-04T17:35:18Z,https://www.youtube.com/watch?v=vZWJNY2RESA
Ultimate Nation - Girls' Ultimate Movement (GUM),2014-04-04T02:13:19Z,https://www.youtube.com/watch?v=MsyI_Ja03ZQ
Alex Nord Layout Score,2014-04-01T18:54:08Z,https://www.youtube.com/watch?v=wLgnoDnwVQA
Tanya Little (UNC-W) Hammer Catch,2014-04-01T17:46:05Z,https://www.youtube.com/watch?v=SgLS3hjTsc4
Riot vs Scandal (Women's Semi) - 2013 Nationals,2014-03-31T15:10:46Z,https://www.youtube.com/watch?v=Ybju4Hxlk50
Sarah Itoh Catch,2014-03-28T20:43:32Z,https://www.youtube.com/watch?v=QkyxRnvbe2Y
Alex Nord Catch at 2001 College Nationals,2014-03-26T18:18:53Z,https://www.youtube.com/watch?v=oircPFpoS2M
Ultimate Nation - National College Directors,2014-03-19T23:53:41Z,https://www.youtube.com/watch?v=-iEgRFXaamo
Ultimate Nation Extra - Tom on the Carleton Tragedy,2014-03-06T23:37:50Z,https://www.youtube.com/watch?v=LZ8DFW2Zx9w
Ultimate Nation - Ball/DeNardis,2014-03-06T23:05:13Z,https://www.youtube.com/watch?v=9sGYeK6F5sI
2014 Triple Crown Tour Schedule,2014-02-28T19:47:57Z,https://www.youtube.com/watch?v=xyQ34HYBfjY
Jeff Trosvig Catch Block,2014-02-28T03:00:51Z,https://www.youtube.com/watch?v=j89U8aAuDZE
Stanley Peterson Hammer Grab,2014-02-28T03:00:23Z,https://www.youtube.com/watch?v=NorMLmSwH6g
Revolver vs Johnny Bravo (Men's Semi) - 2013 Nationals,2014-02-28T02:59:26Z,https://www.youtube.com/watch?v=-L_-etM_iIk
Polar Bears vs Drag'N Thrust (Mixed Final) - 2013 Nationals,2014-02-27T22:45:13Z,https://www.youtube.com/watch?v=V-1tVYmw3f8
Revolver Deflected Score,2014-02-27T21:44:01Z,https://www.youtube.com/watch?v=kLSLlF7FdZY
Nick Lance Monster Late Game D,2014-02-27T21:29:00Z,https://www.youtube.com/watch?v=ZvC2G7rKGXs
Beau Kittredge Catch in Traffic,2014-02-27T21:21:43Z,https://www.youtube.com/watch?v=fyM4SwTpYgY
Scandal Captures Their First Title,2014-02-22T02:51:26Z,https://www.youtube.com/watch?v=af8FVR6NC80
Tyler Kinley Layout Pancake Score,2014-02-22T02:50:30Z,https://www.youtube.com/watch?v=5-Lho7QMcY4
Fury vs Scandal (Women's Final) - 2013 Nationals,2014-02-22T02:48:59Z,https://www.youtube.com/watch?v=_t71464DZEU
Revolver vs Sockeye (Men's Final) - 2013 Nationals,2014-02-22T02:48:26Z,https://www.youtube.com/watch?v=sBy7epgA6YE
Ultimate Nation - Michelle Ng (Without Limits),2014-02-12T18:51:25Z,https://www.youtube.com/watch?v=h8v1zTOfwJ0
The Ultimate Nation: Kyle Weisbord,2014-02-05T19:08:08Z,https://www.youtube.com/watch?v=J1S1Z0LRYjY
Doublewide vs Revolver (Men's Semi) - 2013 U.S. Open Championships,2013-11-05T17:10:11Z,https://www.youtube.com/watch?v=qT8sH6h9ZSE
Crowd at the 2013 National Championships,2013-10-20T23:18:30Z,https://www.youtube.com/watch?v=bT7uFn_oxDo
2013 National Championships Friday - Sideline Stories,2013-10-19T04:54:55Z,https://www.youtube.com/watch?v=f8HtT2uAX2U
Interview with USA Ultimate CEO Dr. Tom Crawford,2013-10-19T01:41:12Z,https://www.youtube.com/watch?v=CqmreBwPvEk
2013 National Championships Thursday - Sideline Stories,2013-10-18T04:22:29Z,https://www.youtube.com/watch?v=nFFqATf1Pqc
Field Report of 2013 National Championships,2013-10-16T03:43:46Z,https://www.youtube.com/watch?v=0i9Ith9TzPI
Fury vs Showdown (Women's Semi) - 2013 U.S. Open Championships,2013-10-09T16:52:18Z,https://www.youtube.com/watch?v=lP_9FUVQHMo
Polar Bears vs Odyssée (Mixed Semi) - 2013 U.S. Open Championships,2013-10-09T16:52:15Z,https://www.youtube.com/watch?v=VU6AETQItRQ
USA Ultimate at 2013 Nickelodeon Worldwide Day of Play,2013-09-24T22:49:33Z,https://www.youtube.com/watch?v=UuP1X7XVGGA
Mischief vs Odyssée (Mixed Final) - 2013 U.S. Open Championships,2013-09-24T21:20:48Z,https://www.youtube.com/watch?v=Vgbfu9EXgRU
Fury vs Scandal (Women's Final) - 2013 U.S. Open Championships,2013-09-24T21:20:37Z,https://www.youtube.com/watch?v=iBe9a_0KdmM
Revolver vs Ironside (Men's Final) - 2013 U.S. Open Championships,2013-09-24T21:19:48Z,https://www.youtube.com/watch?v=eE6D0kNNH1o
Recap of Doublewide v. Revolver: 2013 U.S. Open Men's Semi,2013-08-05T16:49:32Z,https://www.youtube.com/watch?v=EDmGDmWV-q4
Recap of Revolver v. Ironside: 2013 U.S. Open Men's Final,2013-08-05T16:49:31Z,https://www.youtube.com/watch?v=4xqEou-TvNQ
Recap of Fury v. Scandal: 2013 U.S. Open Women's Final,2013-08-05T16:49:28Z,https://www.youtube.com/watch?v=AqcOUVisG7M
Recap of Mischief v. Odyssee: 2013 U.S. Open Mixed Final,2013-08-05T16:49:26Z,https://www.youtube.com/watch?v=6cgNYVxku6g
Recap of Ironside v. Ring of Fire: 2013 U.S. Open Men's Semi,2013-08-05T16:49:20Z,https://www.youtube.com/watch?v=XHiqzb6QMMg
Recap of Fury v. Showdown: 2013 U.S. Open Women's Semi,2013-08-05T16:49:15Z,https://www.youtube.com/watch?v=1JTHpXsf5_I
Recap of Odyssée v. Polar Bears: 2013 U.S. Open Mixed Semi,2013-07-10T03:13:28Z,https://www.youtube.com/watch?v=lv-X4uUpUZg
Beau Kittredge's game winning catch,2013-07-07T23:10:50Z,https://www.youtube.com/watch?v=Kj6k_AD9w0w
Véronique Ellyson trailing edge goal (Odyssée vs Polar Bears),2013-07-07T17:43:04Z,https://www.youtube.com/watch?v=vTlCkIjigcM
Seth Reinhardt sideline catch (Ironside vs Ring of Fire),2013-07-07T17:17:06Z,https://www.youtube.com/watch?v=KccxgvIKXnI
Danny Clark elevates over Ken Porter (Ironside vs RIng of Fire),2013-07-07T16:54:21Z,https://www.youtube.com/watch?v=2Yd41AzEi-4
Maggie Ruden Layout Catch (Fury vs Showdown),2013-07-07T16:04:28Z,https://www.youtube.com/watch?v=6TaXoWxQsLg
2013 U.S. Open Ultimate - Day 2 Recap,2013-07-06T07:04:38Z,https://www.youtube.com/watch?v=T0EpjEjPSvU
2013 U.S. Open Ultimate - Day 1 Recap,2013-07-05T12:36:51Z,https://www.youtube.com/watch?v=nyPmR5DLiT8
2013 U.S. Open Ultimate Championships Welcome Ceremony,2013-07-05T02:54:37Z,https://www.youtube.com/watch?v=Z3Bfnki29gY
Oregon vs Iowa (Women's Semi) May 26 2013 College Championships,2013-07-03T03:56:44Z,https://www.youtube.com/watch?v=KYWx-qRv9n8
Carleton College vs Ohio State (Women's Semi) May 26 2013 College Championships,2013-07-03T03:56:33Z,https://www.youtube.com/watch?v=62UMrXIMGAA
Oregon vs Pittsburgh (Open Semi) May 26 2013 College Championships,2013-07-03T03:56:20Z,https://www.youtube.com/watch?v=n1bWJfls0qM
Central Florida vs Carleton College (Open Semi) May 26 2013 College Championships,2013-07-03T03:55:57Z,https://www.youtube.com/watch?v=Y3DrVvrYs4Y
Pittsburgh vs Central Florida (Open Final) May 27 2013 College Championships,2013-07-01T21:13:14Z,https://www.youtube.com/watch?v=uRr3DSj4x3I
Oregon vs Carleton College (Women's Final) May 27 2013 College Championships,2013-07-01T21:13:05Z,https://www.youtube.com/watch?v=b1tu1wGn8P8
Alex Thorne Layout Score,2013-05-29T21:28:38Z,https://www.youtube.com/watch?v=uFsHNktr_AQ
Ashley Young Ridiculous Layout Catch Block,2013-05-29T20:31:42Z,https://www.youtube.com/watch?v=VPiUl9cLIps
Recap of Oregon (1) v. Pittsburgh (4): 2013 College Open Semifinal,2013-05-28T23:13:46Z,https://www.youtube.com/watch?v=yAD_PkATL0Q
Recap of Oregon (1) v. Carleton College (2): 2013 College Women's Final,2013-05-28T07:47:33Z,https://www.youtube.com/watch?v=zF3VMiwLMV0
Recap of Pittsburgh (4) v. Central Florida (7): 2013 College Open Final,2013-05-28T05:23:03Z,https://www.youtube.com/watch?v=UCReQaSU2EQ
Recap of Oregon (1) v Iowa (4): 2013 College Women's Semifinal,2013-05-27T16:30:38Z,https://www.youtube.com/watch?v=XAjB2sVa2JQ
Recap of Carleton College (6) vs Central Florida (7): 2013 College Championships Open Division,2013-05-27T11:52:05Z,https://www.youtube.com/watch?v=SWEnn7sfpwY
Recap of Carleton College (2) v Ohio State (6): 2013 College Women's Semifinal,2013-05-27T02:01:59Z,https://www.youtube.com/watch?v=WGbSfUMm4PQ
What's Up Ultimate Fans: Welcome from ESPN,2013-04-30T17:27:46Z,https://www.youtube.com/watch?v=Z6kiz60yHxE
Ending of Wisconsin vs Tufts (2012 College Open Quarterfinal),2012-11-28T06:47:50Z,https://www.youtube.com/watch?v=un7Wnfj4AKs
Gene Buonaccorsi grab in traffic (2012 College Open Quarterfinal),2012-11-28T06:38:16Z,https://www.youtube.com/watch?v=JmCC7m5BHqU
Brain Hart layout D and goal (2012 College Open Quarterfinal),2012-11-28T06:29:41Z,https://www.youtube.com/watch?v=J-4_Rfvly6M
Alex Cooper upwind break score (2012 College Open Quarterfinal),2012-11-28T06:18:05Z,https://www.youtube.com/watch?v=EatxOx7lMtQ
Alex Simmons layout block (2012 College Open Quarterfinal),2012-11-28T06:08:27Z,https://www.youtube.com/watch?v=Eyodm_Pc4EM
CUT's Raynolds D and Assist (2012 College Open Semifinal),2012-11-14T17:29:04Z,https://www.youtube.com/watch?v=lQlo6_U5ZvE
Pittsburgh's 2nd half surge (2012 College Open Semifinal),2012-11-13T08:11:07Z,https://www.youtube.com/watch?v=VJUXuEZ6XB8
Double Game Point Tufts vs Washington (2012 College Womens Semifinal),2012-11-07T19:55:03Z,https://www.youtube.com/watch?v=AcWJWKjtpE0
Tufts Endzone Save (2012 College Womens Semifinal),2012-11-07T19:54:47Z,https://www.youtube.com/watch?v=_UEAjfuZx-0
Riot's Calise Cardenas huge score in final,2012-11-05T21:37:33Z,https://www.youtube.com/watch?v=uEn9cZmsP1I
2nd half of Mischief vs Slow White (Mixed PQ) Oct 26 2012 Club Championships ~4:30p ET,2012-11-01T06:34:41Z,https://www.youtube.com/watch?v=QFuF3-xjc1s
Strategic Plan interview with USA Ultimate CEO,2012-10-31T21:24:37Z,https://www.youtube.com/watch?v=ratgeR_xP2g
2nd half of Polar Bears vs Blackbird (Mixed Final) Oct 28 2012 Club Championships ~10:15a ET,2012-10-31T00:52:55Z,https://www.youtube.com/watch?v=8R4HtXlOql0
Game point in 2012 Open Division Championship,2012-10-30T00:04:13Z,https://www.youtube.com/watch?v=BUo8nLIJ-qk
Doublewide's Dalton Smith clutch late game D,2012-10-30T00:00:01Z,https://www.youtube.com/watch?v=-5PrXrwY2J0
Revolver's Mark Sherwood diving backwards D,2012-10-29T23:54:04Z,https://www.youtube.com/watch?v=Ln3F84VmJZQ
Revolver's Jordan Jeffery big lefty snag,2012-10-29T23:49:49Z,https://www.youtube.com/watch?v=EJvbV4-V05c
Doublewide's Dalton Smith 1st pass layout block,2012-10-29T23:44:44Z,https://www.youtube.com/watch?v=8vP_1a06WAE
San Francisco Fury 7peat in Womens division,2012-10-29T23:29:39Z,https://www.youtube.com/watch?v=j6MPh_-IelU
Maggie Ruden layout block,2012-10-29T23:22:24Z,https://www.youtube.com/watch?v=ofXitjp6dBg
Fury's Manisha Daryani end zone layout,2012-10-29T23:19:09Z,https://www.youtube.com/watch?v=if4qNng7Pgo
Game point in 2012 Masters Division Championship,2012-10-29T23:10:19Z,https://www.youtube.com/watch?v=Vut-aFjCLjc
Surly Masters 2nd half goal line attack,2012-10-29T23:03:32Z,https://www.youtube.com/watch?v=_uSCEjgcitc
Kevin Kusy Boneyard ups,2012-10-29T22:45:13Z,https://www.youtube.com/watch?v=0AS24euwc4c
Surly hammer score in 2012 Masters final,2012-10-29T22:38:26Z,https://www.youtube.com/watch?v=sOzJK-ANmvw
Game point in 2012 Mixed Division Championship,2012-10-29T22:23:38Z,https://www.youtube.com/watch?v=V0Ju2M4dHDk
Dan Gillick layout early in Mixed final.,2012-10-29T22:14:45Z,https://www.youtube.com/watch?v=ylxgK-0YsDI
2nd half of Revolver vs Doublewide (Open Final) Oct 28 2012 Club Championships ~3:30pm ET,2012-10-28T21:23:48Z,https://www.youtube.com/watch?v=OqxR5--izgY
1st half of Revolver vs Doublewide (Open Final) Oct 28 2012 Club Championships 2:30pm ET,2012-10-28T19:31:52Z,https://www.youtube.com/watch?v=25Q9RsxPDbY
2nd half of Fury vs Riot (Womens Final) Oct 28 2012 Club Championships ~12:45p ET,2012-10-28T17:27:50Z,https://www.youtube.com/watch?v=gfuFlm87Li4
1st half of Fury vs Riot (Womens Final) Oct 28 2012 Club Championships 11:45a ET,2012-10-28T16:47:20Z,https://www.youtube.com/watch?v=JXKlepv-P-E
Triple Crown Tour Interview with USA Ultimate CEO,2012-10-28T15:34:54Z,https://www.youtube.com/watch?v=dQjFV-GXEL8
1st half of Polar Bears vs Blackbird (Mixed Final) Oct 28 2012 Club Championships 9:15a ET,2012-10-28T13:53:57Z,https://www.youtube.com/watch?v=misNpbVi-E0
Boston Ironside's Alex Simmons semifinal sky,2012-10-28T01:18:53Z,https://www.youtube.com/watch?v=ON_NbeIcKJg
Austin Doublewide's Kurt Gibson semifinal end zone stand,2012-10-28T01:01:39Z,https://www.youtube.com/watch?v=2Um5hpPEUdc
Austin Doublewide's Max Cook semifinal tipped goal catch,2012-10-28T00:51:21Z,https://www.youtube.com/watch?v=5U8Crfakqck
2nd half of Surly vs Boneyard (Masters Final) Oct 27 2012 Club Championships ~5:15p ET,2012-10-27T22:10:38Z,https://www.youtube.com/watch?v=NH3yrGDA0jg
1st half of Surly vs Boneyard (Masters Final) Oct 27 2012 Club Championships 4:00p ET,2012-10-27T20:46:39Z,https://www.youtube.com/watch?v=YAtwy0HasUk
2nd half of Ironside vs Doublewide (Open Semi) Oct 27 2012 Club Championships ~2:15p ET,2012-10-27T19:39:43Z,https://www.youtube.com/watch?v=JonUHr-N54U
1st half of Ironside vs Doublewide (Open Semi) Oct 27 2012 Club Championships 1:15p ET,2012-10-27T18:56:47Z,https://www.youtube.com/watch?v=BKcSPErXun4
2nd half of Nemesis vs Showdown (Womens Qtrs) Oct 27 2012 Club Championships ~10:30a ET,2012-10-27T15:04:31Z,https://www.youtube.com/watch?v=qhvF6MQyWDQ
1st half of Nemesis vs Showdown (Womens Qtrs) Oct 27 2012 Club Championships 9:30a ET,2012-10-27T14:30:39Z,https://www.youtube.com/watch?v=xJJb8XDlkBM
Doublewide's Kiran Thomas posterizes Revolver,2012-10-26T23:42:29Z,https://www.youtube.com/watch?v=A_v6zHYqM2w
Layout score by Chain Lightning's Mark Poole,2012-10-26T23:09:23Z,https://www.youtube.com/watch?v=Y0dHyUIChRY
1st half of Mischief vs Slow White (Mixed PQ) Oct 26 2012 Club Championships 3:30p ET,2012-10-26T20:35:26Z,https://www.youtube.com/watch?v=NM8Ez8usJ4g
2nd half of Revolver vs Doublewide (Open) Oct 26 2012 Club Championships ~1:30pm ET,2012-10-26T17:45:59Z,https://www.youtube.com/watch?v=aHZlBD3iExk
1st half of Revolver vs Doublewide (Open) Oct 26 2012 Club Championships 12:30pm ET,2012-10-26T17:08:43Z,https://www.youtube.com/watch?v=et5mgJ9QUCA
2nd half of Fury vs Nemesis (Women) Oct 26 2012 Club Championships  ~10:30am ET,2012-10-26T14:50:09Z,https://www.youtube.com/watch?v=OqojimZlZGA
1st half of Fury vs Nemesis (Women) Oct 26 2012 Club Championships  9:30am ET,2012-10-26T14:12:39Z,https://www.youtube.com/watch?v=DhOEqwikeHc
1st half of Sockeye vs Chain (Open) Oct 25 2012 Club Championships 4:00pm,2012-10-26T13:38:33Z,https://www.youtube.com/watch?v=2OXZ4rkNNQs
2nd half of Sockeye vs Chain (Open) Oct 25 2012 Club Championships ~5:00pm ET,2012-10-25T21:36:59Z,https://www.youtube.com/watch?v=qbUFQsffuzk
2nd half of Brute Squad vs Heist (Women) Oct 25 2012 Club Championships ~2:00p ET,2012-10-25T18:46:05Z,https://www.youtube.com/watch?v=jzYY7rdTgE0
1st half of Brute Squad vs Heist (Women) Oct 25 2012 Club Championships 12:15pm ET,2012-10-25T18:03:30Z,https://www.youtube.com/watch?v=Mn5IT0lxhpI
2nd half of Polar Bears vs Bucket (Mixed) Oct 25 2012 Club Championships ~10:30a ET,2012-10-25T15:54:31Z,https://www.youtube.com/watch?v=2tGk-TiJdW4
1st half of Polar Bears vs Bucket (Mixed) Oct 25 2012 Club Championships 9:30a ET,2012-10-25T14:10:15Z,https://www.youtube.com/watch?v=JDhn7IhC5QM
USA Ultimate Triple Crown Tour,2012-10-22T23:21:25Z,https://www.youtube.com/watch?v=SpumY_IvsOc
USA Ultimate Strategic Plan 2013-2018,2012-10-17T19:35:35Z,https://www.youtube.com/watch?v=wuvoyOUOebE
Then and Now: A Look Back 1980-1989,2012-07-18T22:22:21Z,https://www.youtube.com/watch?v=t8cVdbKuBn8
USA Ultimate College Championships on CBS Sports,2012-06-21T15:59:07Z,https://www.youtube.com/watch?v=RoE0M_TcrlA
CORT U Student Rentals Halftime Contest USA Ultimate College Championships 2012,2012-06-07T03:44:07Z,https://www.youtube.com/watch?v=5lD-WUvXAwY
2012 USA Ultimate College Championships Best Moments and Finals Recap,2012-05-29T02:57:36Z,https://www.youtube.com/watch?v=LfiqAVDb6yU
2012 USA Ultimate College Championships Semifinals Recap,2012-05-28T04:11:47Z,https://www.youtube.com/watch?v=wM3v6BXKaJ8
2012 USA Ultimate College Championships - Day 2 Recap,2012-05-27T03:33:00Z,https://www.youtube.com/watch?v=AaBZeGxtbvQ
2012 USA Ultimate College Championships - Day 1 Recap Video,2012-05-26T03:24:43Z,https://www.youtube.com/watch?v=N8zz_FwgSZ8
USA Ultimate Promo Video,2012-01-11T01:06:14Z,https://www.youtube.com/watch?v=70Ks0VJ-clM
2011 USA Ultimate College Championships - Day 4 (Finals) Highlights,2011-06-22T22:21:58Z,https://www.youtube.com/watch?v=g974gUovO84
2011 USA Ultimate College Championship - Day 3 Highlights,2011-05-30T05:30:44Z,https://www.youtube.com/watch?v=w27syEVvhBg
2011 USA Ultimate College Championships - Day 2 Highlights,2011-05-29T03:46:34Z,https://www.youtube.com/watch?v=KfrWQbvka60
2011 USA Ultimate College Championships Day One Highlights,2011-05-28T05:22:01Z,https://www.youtube.com/watch?v=zpWRIPTyhzY
